Index Value,Net Change,High,Low,Date,Avkastning OMXS#=
2036.97,21.16,2036.97,2017.55,2021-02-19,
2031.04,-5.94,2034.24,2016.79,2021-02-22,-0.0029111867135991343
2016.83,-14.2,2036.86,1993.28,2021-02-23,-0.006996415629431207
2037.25,20.42,2039.39,2011.88,2021-02-24,0.010124799809602125
2038.93,1.67,2053.54,2035.96,2021-02-25,0.0008246410602528176
2009.9,-29.02,2030.12,2000.62,2021-02-26,-0.014237860054047924
2054.67,44.76,2054.77,2029.74,2021-03-01,0.02227474003681773
2067.1,12.43,2074.84,2049.96,2021-03-02,0.006049633274443078
2073.78,6.68,2082.15,2057.16,2021-03-03,0.0032315804750617794
2065.15,-8.63,2074.29,2054.7,2021-03-04,-0.00416148289596785
2048.57,-16.59,2068.61,2042.24,2021-03-05,-0.008028472508050277
2103.1,54.54,2106.43,2056.67,2021-03-08,0.026618568074315174
2124.85,21.75,2125.11,2098.63,2021-03-09,0.010341876277875528
2134.46,9.62,2138.06,2113.5,2021-03-10,0.004522672188625121
2165.66,31.2,2167.1,2140.15,2021-03-11,0.014617280248868436
2168.96,3.3,2168.96,2152.38,2021-03-12,0.0015237848969829049
2161.83,-7.13,2188.03,2158.7,2021-03-15,-0.003287289760991463
2180.14,18.31,2184.46,2172.32,2021-03-16,0.008469676153999073
2172.86,-7.28,2179.84,2166.81,2021-03-17,-0.0033392350949937866
2179.99,7.13,2187.32,2170.01,2021-03-18,0.00328138950507606
2169.18,-10.8,2181.62,2158.72,2021-03-19,-0.004958738342836444
2174.63,5.45,2178.75,2150.99,2021-03-22,0.0025124701500107705
2168.12,-6.51,2174.68,2150.51,2021-03-23,-0.002993612706529536
2184.6,16.48,2185.68,2153.36,2021-03-24,0.007601055292142611
2173.24,-11.36,2184.22,2152.5,2021-03-25,-0.005200036619976256
2198.8,25.55,2198.8,2177.24,2021-03-26,0.011761241280300538
2182.21,-16.58,2200.4,2180.29,2021-03-29,-0.007545024558850311
2205.41,23.19,2205.48,2185.33,2021-03-30,0.010631424106753995
2192.86,-12.55,2201.46,2188.73,2021-03-31,-0.0056905518701736435
2202.61,9.75,2207.68,2190.04,2021-04-01,0.004446248278503928
2230.25,27.64,2230.27,2216.57,2021-04-06,0.012548748984159586
2229.56,-0.69,2232.81,2221.31,2021-04-07,-0.00030938235623811927
2240.4,10.84,2247.66,2236.14,2021-04-08,0.004861945854787608
2250.4,10.0,2250.4,2236.81,2021-04-09,0.004463488662738824
2235.73,0.0,0.0,0.0,2021-04-12,-0.0065188410949165165
2247.21,11.47,2250.25,2231.05,2021-04-13,0.005134788189987249
2228.16,-19.05,2246.04,2223.52,2021-04-14,-0.008477178367842897
2242.98,14.83,2246.04,2232.24,2021-04-15,0.006651227919000524
2280.5,37.52,2280.5,2238.15,2021-04-16,0.01672774612346073
2257.6,-22.9,2284.84,2256.35,2021-04-19,-0.010041657531243198
2204.81,-52.79,2261.53,2197.46,2021-04-20,-0.023383238837703768
2228.29,23.48,2229.66,2210.67,2021-04-21,0.010649443716238549
2232.42,4.13,2241.35,2222.42,2021-04-22,0.0018534391843072484
2240.95,8.53,2241.03,2220.72,2021-04-23,0.0038209655889123173
2244.36,3.41,2247.68,2234.58,2021-04-26,0.0015216760748790747
2262.84,18.48,2262.84,2237.56,2021-04-27,0.008233973159386121
2239.25,-23.59,2266.22,2223.17,2021-04-28,-0.010424952714288338
2232.84,-6.41,2257.41,2230.83,2021-04-29,-0.0028625655911577175
2217.02,-15.81,2243.12,2217.02,2021-04-30,-0.007085147166836947
2231.59,14.57,2238.41,2211.73,2021-05-03,0.006571884782275328
2194.58,-37.01,2239.69,2191.48,2021-05-04,-0.01658458767067439
2255.49,60.91,2255.53,2213.72,2021-05-05,0.027754741226111435
2246.61,-8.88,2256.8,2227.35,2021-05-06,-0.003937060239681656
2260.13,13.52,2269.44,2247.44,2021-05-07,0.006017955942508868
2265.01,4.88,2268.43,2248.06,2021-05-10,0.002159167835478648
2193.76,-71.25,2249.63,2188.51,2021-05-11,-0.03145681476019968
2205.79,12.04,2215.69,2191.44,2021-05-12,0.005483735686674818
2247.88,42.08,2248.73,2212.36,2021-05-14,0.019081598882940032
2230.4,-17.48,2253.59,2220.08,2021-05-17,-0.007776215812231979
2249.68,19.28,2254.3,2239.69,2021-05-18,0.008644189383070211
2201.51,-48.17,2226.66,2189.48,2021-05-19,-0.02141193414174447
2240.28,38.77,2241.17,2204.47,2021-05-20,0.017610639969838804
2240.84,0.56,2249.46,2226.89,2021-05-21,0.00024996875390570494
2245.04,4.2,2248.48,2235.77,2021-05-24,0.0018742971385730112
2243.17,-1.87,2254.42,2241.39,2021-05-25,-0.0008329472971527752
2227.07,-16.1,2252.57,2220.65,2021-05-26,-0.0071773427783002886
2244.46,17.39,2251.52,2221.39,2021-05-27,0.0078084658317878475
2255.45,10.99,2258.93,2240.89,2021-05-28,0.004896500717321617
2241.87,-13.59,2259.64,2241.87,2021-05-31,-0.006020971424771093
2264.53,22.66,2274.99,2250.76,2021-06-01,0.010107633359650814
2268.8,4.28,2275.75,2259.44,2021-06-02,0.0018856009856349498
2273.35,4.55,2274.02,2248.68,2021-06-03,0.0020054654442875908
2271.43,-1.92,2286.85,2262.44,2021-06-04,-0.0008445685882069176
2267.71,-3.72,2280.01,2265.7,2021-06-07,-0.0016377348190346197
2274.88,7.17,2281.57,2261.6,2021-06-08,0.0031617799454075612
2272.29,-2.59,2278.25,2264.84,2021-06-09,-0.001138521592347841
2267.92,-4.37,2273.25,2260.52,2021-06-10,-0.0019231700179114242
2278.6,10.68,2281.4,2263.33,2021-06-11,0.004709160816960045
2284.64,6.04,2300.38,2274.65,2021-06-14,0.0026507504608093146
2280.07,-4.57,2298.11,2278.15,2021-06-15,-0.0020003151481194914
2286.41,6.34,2293.28,2273.79,2021-06-16,0.002780616384584489
2272.81,-13.6,2283.99,2269.55,2021-06-17,-0.005948189519814906
2248.02,-24.79,2285.85,2245.2,2021-06-18,-0.010907202977811559
2265.87,17.85,2270.07,2227.25,2021-06-21,0.007940320815650992
2268.0,2.14,2274.09,2253.64,2021-06-22,0.0009400362774563131
2242.24,-25.76,2275.13,2242.24,2021-06-23,-0.01135802469135816
2270.94,28.7,2271.54,2245.22,2021-06-24,0.012799700299700456
2256.34,-14.6,2276.98,2254.02,2021-06-28,-0.006429055809488493
2279.75,23.42,2282.33,2256.31,2021-06-29,0.010375209409929198
2263.13,-16.62,2285.85,2249.02,2021-06-30,-0.007290273056256069
2273.89,10.76,2279.49,2254.42,2021-07-01,0.004754477206346808
2288.93,15.04,2299.01,2279.87,2021-07-02,0.006614216167008857
2299.07,10.14,2299.32,2271.94,2021-07-05,0.004430017519102991
2288.7,-10.37,2312.77,2285.04,2021-07-06,-0.00451051947091663
2326.07,37.38,2326.07,2299.73,2021-07-07,0.01632804648927344
2289.94,-36.13,2321.23,2279.12,2021-07-08,-0.015532636593051818
2319.53,29.59,2321.35,2299.02,2021-07-09,0.01292173594067969
2337.73,18.2,2338.1,2313.21,2021-07-12,0.00784641716209733
2349.19,11.46,2353.3,2333.69,2021-07-13,0.0049021914421254476
2356.34,7.15,2358.68,2338.42,2021-07-14,0.003043602262907674
2344.49,-11.85,2364.99,2337.81,2021-07-15,-0.005028985630257221
2338.8,-5.68,2355.06,2332.12,2021-07-16,-0.002426967058933749
2287.46,-51.34,2330.48,2280.54,2021-07-19,-0.021951428082777502
2303.54,16.08,2310.2,2281.93,2021-07-20,0.007029631119232604
2334.37,30.83,2338.73,2316.78,2021-07-21,0.013383748491452296
2352.35,17.97,2357.14,2341.02,2021-07-22,0.0077022922672926875
2384.69,32.34,2384.8,2357.84,2021-07-23,0.013747954173486177
2387.66,2.97,2392.76,2375.11,2021-07-26,0.001245444900594972
2375.97,-11.69,2385.72,2366.99,2021-07-27,-0.004896006969166478
2381.89,5.92,2384.77,2373.62,2021-07-28,0.0024916139513546653
2384.19,2.3,2392.46,2379.77,2021-07-29,0.0009656197389469323
2369.89,-14.3,2373.99,2353.14,2021-07-30,-0.005997844131550023
2381.66,11.76,2392.69,2374.71,2021-08-02,0.004966475237247359
2380.14,-1.51,2383.75,2370.65,2021-08-03,-0.0006382103238917747
2393.1,12.96,2397.29,2382.3,2021-08-04,0.005445057853739721
2393.68,0.57,2403.67,2390.39,2021-08-05,0.00024236346161887745
2380.46,-13.22,2396.41,2379.68,2021-08-06,-0.005522876909194174
2384.76,4.3,2385.7,2367.51,2021-08-09,0.0018063735580517992
2393.74,8.98,2395.28,2385.76,2021-08-10,0.0037655780875223144
2401.49,7.75,2404.36,2388.3,2021-08-11,0.0032376114364969233
2405.53,4.04,2406.31,2395.47,2021-08-12,0.0016822889123004892
2407.04,1.52,2412.62,2403.8,2021-08-13,0.0006277202944879878
2373.55,-33.5,2397.08,2368.66,2021-08-16,-0.013913354161127267
2383.45,9.91,2386.31,2363.11,2021-08-17,0.004170967538075665
2371.37,-12.08,2393.64,2367.98,2021-08-18,-0.005068283370744053
2330.3,-41.08,2350.45,2314.08,2021-08-19,-0.017319102459759428
2360.5,30.2,2364.81,2319.53,2021-08-20,0.012959704759043733
2371.55,11.06,2379.57,2356.28,2021-08-23,0.0046812116077104005
2367.05,-4.5,2381.18,2358.58,2021-08-24,-0.0018974932006493583
2376.16,9.11,2376.61,2362.33,2021-08-25,0.00384867239813258
2371.7,-4.46,2374.67,2361.9,2021-08-26,-0.0018769779812807252
2373.14,1.44,2376.03,2364.35,2021-08-27,0.0006071594215120157
2372.81,-0.33,2380.79,2366.61,2021-08-30,-0.00013905627143784294
2351.25,-21.56,2379.83,2347.61,2021-08-31,-0.009086273237216558
2368.67,17.42,2375.29,2356.99,2021-09-01,0.0074088250930357535
2388.4,19.73,2390.19,2369.66,2021-09-02,0.008329568914200891
2369.73,-18.67,2392.97,2369.73,2021-09-03,-0.007816948584826733
2394.26,24.53,2398.15,2377.57,2021-09-06,0.01035139024277032
2377.94,-16.32,2394.19,2369.8,2021-09-07,-0.006816302323056078
2347.16,-30.78,2362.88,2341.36,2021-09-08,-0.01294397671934544
2353.39,6.23,2367.71,2327.57,2021-09-09,0.002654271545186493
2349.67,-3.72,2364.3,2347.51,2021-09-10,-0.0015806984817645642
2335.34,-14.34,2358.23,2335.23,2021-09-13,-0.0060987287576552696
2341.77,6.43,2342.72,2326.67,2021-09-14,0.0027533464078035585
2324.75,-17.03,2342.86,2318.63,2021-09-15,-0.00726800667870886
2344.03,19.28,2354.49,2328.63,2021-09-16,0.008293364877943965
2323.55,-20.48,2361.03,2321.47,2021-09-17,-0.008737089542369292
2272.46,-51.09,2299.81,2257.32,2021-09-20,-0.02198790643627213
2274.88,2.42,2294.45,2273.44,2021-09-21,0.0010649252352077365
2299.15,24.26,2302.82,2284.5,2021-09-22,0.010668694612463003
2338.0,38.86,2340.1,2316.99,2021-09-23,0.01689754909423047
2313.27,-24.73,2332.38,2309.11,2021-09-24,-0.010577416595380695
2304.01,-9.26,2333.65,2300.58,2021-09-27,-0.0040029914363648444
2254.02,-49.99,2299.84,2253.66,2021-09-28,-0.021696954440302063
2255.55,1.52,2275.31,2250.19,2021-09-29,0.0006787872334763634
2259.18,3.63,2278.19,2249.46,2021-09-30,0.0016093635698608555
2254.18,-5.0,2256.59,2218.2,2021-10-01,-0.0022131923972414924
2233.3,-20.88,2254.38,2228.52,2021-10-04,-0.009262791791249891
2254.84,21.54,2254.84,2223.66,2021-10-05,0.009644920073433871
2221.06,-33.77,2239.83,2203.58,2021-10-06,-0.014981107306948682
2257.74,36.67,2260.48,2237.77,2021-10-07,0.016514637155232048
2240.22,-17.51,2259.29,2234.72,2021-10-08,-0.007759972361742307
2233.52,-6.7,2234.74,2215.36,2021-10-11,-0.0029907776914765982
2251.01,17.49,2252.4,2204.62,2021-10-12,0.007830688778251549
2276.95,25.94,2280.98,2235.67,2021-10-13,0.01152371602080815
2296.77,19.82,2298.1,2282.01,2021-10-14,0.008704626803399451
2314.98,18.2,2318.79,2298.75,2021-10-15,0.007928525712195933
2311.7,-3.28,2326.44,2303.15,2021-10-18,-0.001416858892949513
2326.66,14.96,2329.64,2314.15,2021-10-19,0.006471427953454123
2326.25,-0.41,2326.74,2304.34,2021-10-20,-0.00017621826996627732
2325.15,-1.1,2328.07,2307.54,2021-10-21,-0.0004728640515850868
2348.84,23.69,2352.04,2316.16,2021-10-22,0.010188589983441965
2330.13,-18.71,2353.63,2326.72,2021-10-25,-0.007965634100236763
2344.2,14.07,2352.24,2324.55,2021-10-26,0.0060382897091577625
2323.17,-21.03,2339.78,2320.9,2021-10-27,-0.008971077553109663
2313.24,-9.93,2316.02,2301.61,2021-10-28,-0.004274332054907903
2290.85,-22.38,2303.1,2275.36,2021-10-29,-0.009679064861406461
2302.26,11.4,2310.61,2295.77,2021-11-01,0.004980684025580162
2302.67,0.41,2303.91,2288.36,2021-11-02,0.00017808588083001453
2317.67,15.0,2317.67,2295.37,2021-11-03,0.006514177020589207
2330.07,12.4,2331.92,2320.41,2021-11-04,0.005350200848265763
2324.9,-5.17,2333.64,2322.56,2021-11-05,-0.002218817460419631
2331.85,6.95,2337.23,2319.6,2021-11-08,0.002989375887134882
2327.12,-4.73,2338.95,2321.54,2021-11-09,-0.002028432360572041
2331.42,4.31,2333.17,2316.64,2021-11-10,0.0018477775103991068
2346.46,15.04,2351.03,2328.57,2021-11-11,0.0064510041090837245
2365.45,18.99,2366.46,2345.25,2021-11-12,0.008093042284973873
2374.47,9.02,2374.71,2358.13,2021-11-15,0.0038132279270328695
2385.63,11.15,2390.34,2368.97,2021-11-16,0.004699996209680535
2384.1,-1.53,2384.1,2364.89,2021-11-17,-0.0006413400233901134
2373.04,-11.06,2387.14,2366.83,2021-11-18,-0.004639067153223375
2373.92,0.89,2389.11,2356.4,2021-11-19,0.0003708323500657418
2368.57,-5.35,2384.43,2368.57,2021-11-22,-0.0022536563995416703
2334.31,-34.25,2357.61,2331.72,2021-11-23,-0.014464423681799676
2336.5,2.19,2352.65,2324.46,2021-11-24,0.0009381787337585656
2335.59,-0.91,2348.46,2326.98,2021-11-25,-0.0003894714316284853
2242.18,-93.41,2279.66,2241.65,2021-11-26,-0.039994177060186153
2272.27,30.1,2286.21,2255.36,2021-11-29,0.01341997520270466
2241.66,-30.61,2273.99,2229.5,2021-11-30,-0.013471110387410001
2290.72,49.06,2292.88,2252.04,2021-12-01,0.021885566945923918
2263.2,-27.52,2276.13,2243.67,2021-12-02,-0.012013690018858658
2240.83,-22.37,2283.67,2238.29,2021-12-03,-0.009884234711912243
2285.53,44.7,2288.66,2247.79,2021-12-06,0.019947965709134596
2334.85,49.31,2338.68,2304.5,2021-12-07,0.021579239826210905
2326.55,-8.29,2352.68,2321.15,2021-12-08,-0.0035548322162022306
2323.89,-2.66,2340.72,2317.45,2021-12-09,-0.001143323805635088
2315.73,-8.16,2328.72,2308.44,2021-12-10,-0.00351135380762424
2310.35,-5.38,2342.51,2309.45,2021-12-13,-0.0023232414832472514
2286.37,-23.98,2329.74,2283.2,2021-12-14,-0.010379379747657236
2293.46,7.09,2302.02,2280.77,2021-12-15,0.0031009854048120733
2311.03,17.57,2333.19,2304.52,2021-12-16,0.0076609140774202
2305.92,-5.11,2309.61,2286.63,2021-12-17,-0.0022111352946522222
2285.72,-20.2,2291.26,2257.79,2021-12-20,-0.008760061060227753
2319.52,33.8,2319.52,2302.51,2021-12-21,0.014787463031342485
2334.81,15.28,2334.81,2312.48,2021-12-22,0.0065918810788438975
2385.63,50.82,2385.66,2345.97,2021-12-23,0.021766225088979407
2406.61,20.99,2410.4,2377.76,2021-12-27,0.008794322673675303
2420.47,13.86,2422.44,2406.25,2021-12-28,0.005759138373063966
2418.9,-1.57,2424.06,2410.76,2021-12-29,-0.0006486343561373786
2419.73,0.83,2425.2,2415.16,2021-12-30,0.00034313117532769333
2444.19,24.45,2450.68,2424.04,2022-01-03,0.010108565831725036
2456.17,11.98,2466.93,2450.63,2022-01-04,0.004901419284098152
2442.81,-13.36,2460.71,2442.81,2022-01-05,-0.005439362910547807
2400.95,-41.86,2420.35,2391.7,2022-01-07,-0.01713600320941866
2352.73,-48.22,2415.91,2346.57,2022-01-10,-0.02008371686207533
2379.19,26.46,2387.13,2365.11,2022-01-11,0.011246509374216451
2399.18,19.99,2405.0,2374.59,2022-01-12,0.008402019174593045
2397.96,-1.22,2405.24,2386.56,2022-01-13,-0.0005085070732498975
2358.29,-39.67,2383.5,2356.0,2022-01-14,-0.016543228410815902
2363.12,4.83,2372.94,2353.46,2022-01-17,0.0020480941699281274
2322.8,-40.32,2351.5,2309.86,2022-01-18,-0.01706218897051348
2332.96,10.16,2355.27,2306.98,2022-01-19,0.004374031341484397
2354.51,21.55,2359.63,2325.38,2022-01-20,0.009237192236472236
2314.06,-40.45,2331.67,2296.1,2022-01-21,-0.017179795371436213
2223.99,-90.08,2302.24,2211.43,2022-01-24,-0.038922931989663234
2239.72,15.74,2262.95,2225.73,2022-01-25,0.007072873529107682
2286.11,46.39,2297.9,2257.04,2022-01-26,0.020712410479881482
2270.12,-15.99,2290.02,2242.22,2022-01-27,-0.006994414092060364
2266.82,-3.3,2271.87,2232.12,2022-01-28,-0.001453667647525081
2290.16,23.34,2302.16,2281.3,2022-01-31,0.010296362304902829
2313.2,23.04,2321.64,2304.1,2022-02-01,0.010060432458867563
2324.48,11.28,2331.91,2317.65,2022-02-02,0.004876361749956759
2277.67,-46.81,2323.12,2275.98,2022-02-03,-0.020137837279735615
2254.3,-23.37,2300.25,2250.14,2022-02-04,-0.01026048549614289
2278.64,24.34,2282.05,2252.12,2022-02-07,0.010797143237368356
2274.4,-4.25,2291.32,2262.46,2022-02-08,-0.00186075904925731
2313.14,38.74,2320.46,2283.64,2022-02-09,0.017033063665142345
2314.26,1.12,2324.67,2299.65,2022-02-10,0.00048419032138147244
2293.77,-20.49,2304.41,2284.33,2022-02-11,-0.008853802079282436
2240.97,-52.81,2247.55,2210.58,2022-02-14,-0.02301887285996429
2282.06,41.1,2285.87,2234.0,2022-02-15,0.018335809939445946
2263.41,-18.66,2290.95,2256.76,2022-02-16,-0.008172440689552474
2229.15,-34.26,2272.57,2224.25,2022-02-17,-0.015136453404376526
2197.72,-31.43,2231.17,2190.13,2022-02-18,-0.014099544669493036
2159.3,-38.42,2212.63,2140.62,2022-02-21,-0.01748175381759265
2157.92,-1.38,2175.99,2108.69,2022-02-22,-0.0006390960033344495
2142.03,-15.89,2181.54,2139.68,2022-02-23,-0.007363572328909274
2078.06,-63.97,2094.76,2038.3,2022-02-24,-0.02986419424564557
2141.52,63.46,2143.92,2074.74,2022-02-25,0.030538098033743077
2134.07,-7.45,2135.22,2083.61,2022-02-28,-0.0034788374612424455
2084.93,-49.14,2135.07,2084.93,2022-03-01,-0.023026423688070397
2096.53,11.6,2107.06,2041.24,2022-03-02,0.005563735952766047
2048.51,-48.02,2100.21,2044.22,2022-03-03,-0.022904513648743352
1985.54,-62.97,2039.33,1982.43,2022-03-04,-0.03073941547759118
1980.35,-5.19,2014.25,1902.22,2022-03-07,-0.0026138984860542003
1972.04,-8.31,2019.91,1945.51,2022-03-08,-0.004196227939505581
2041.62,69.57,2041.93,2000.43,2022-03-09,0.03528325997444259
2038.92,-2.69,2059.9,2018.19,2022-03-10,-0.00132247920768791
2070.8,31.87,2098.2,2043.76,2022-03-11,0.015635728719125774
2096.44,25.64,2115.07,2077.14,2022-03-14,0.012381688236430266
2085.08,-11.36,2094.67,2044.99,2022-03-15,-0.005418709812825662
2167.15,82.07,2172.45,2121.45,2022-03-16,0.03936060007289899
2159.0,-8.15,2186.82,2144.69,2022-03-17,-0.0037606995362573503
2178.83,19.82,2178.83,2148.61,2022-03-18,0.00918480778138031
2181.05,2.22,2188.22,2166.49,2022-03-21,0.001018895462243652
2182.78,1.73,2193.88,2169.22,2022-03-22,0.0007931959377365239
2155.64,-27.14,2190.66,2140.73,2022-03-23,-0.012433685483649426
2134.16,-21.48,2158.66,2127.53,2022-03-24,-0.009964558089476938
2106.52,-27.64,2135.18,2100.2,2022-03-25,-0.012951231397833274
2124.93,18.41,2139.01,2113.83,2022-03-28,0.00873953249909798
2154.38,29.44,2175.17,2134.84,2022-03-29,0.013859280070402491
2130.3,-24.08,2148.38,2107.68,2022-03-30,-0.011177229643795417
2095.17,-35.13,2140.75,2092.78,2022-03-31,-0.016490635121813924
2119.62,24.44,2122.13,2086.17,2022-04-01,0.011669697446985206
2136.44,16.83,2142.33,2101.18,2022-04-04,0.007935384644417454
2132.52,-3.92,2149.03,2123.91,2022-04-05,-0.0018348280316788923
2101.21,-31.31,2136.14,2080.34,2022-04-06,-0.014682160073527961
2108.04,6.83,2123.88,2095.04,2022-04-07,0.0032505080406051157
2131.86,23.83,2133.79,2117.08,2022-04-08,0.011299595833096143
2097.71,-34.15,2127.66,2091.16,2022-04-11,-0.016018875535917076
2102.2,4.5,2113.96,2063.92,2022-04-12,0.0021404293253117768
2098.58,-3.63,2107.13,2080.21,2022-04-13,-0.001722005518028702
2092.86,-5.72,2099.09,2078.63,2022-04-14,-0.0027256525841282686
2097.89,5.04,2102.92,2066.7,2022-04-19,0.00240340968817776
2109.1,11.21,2128.83,2095.96,2022-04-20,0.0053434641473100175
2126.44,17.34,2143.36,2104.42,2022-04-21,0.008221516286567754
2094.94,-31.5,2118.33,2088.1,2022-04-22,-0.0148134910930946
2050.64,-44.3,2071.75,2041.65,2022-04-25,-0.02114619034435361
2018.33,-32.31,2079.75,2018.33,2022-04-26,-0.0157560566457301
2048.69,30.36,2059.76,2011.88,2022-04-27,0.01504213879791716
2038.56,-10.12,2066.4,2024.14,2022-04-28,-0.00494462314942723
2058.9,20.33,2075.31,2042.98,2022-04-29,0.009977631269131315
2020.41,-38.49,2041.74,1895.41,2022-05-02,-0.01869444849191315
2034.46,14.06,2041.0,2024.17,2022-05-03,0.006954034082191196
2011.12,-23.34,2033.47,2008.97,2022-05-04,-0.011472331724388884
1985.13,-25.99,2045.18,1981.77,2022-05-05,-0.0129231473010063
1962.0,-23.13,1980.66,1939.25,2022-05-06,-0.011651629868069113
1914.82,-47.17,1958.85,1908.97,2022-05-09,-0.02404689092762491
1943.11,28.29,1973.59,1924.85,2022-05-10,0.014774234653909923
1977.47,34.36,1977.66,1943.05,2022-05-11,0.017682992728152325
1973.48,-3.99,1976.82,1936.37,2022-05-12,-0.0020177297253561877
2011.33,37.86,2015.9,1979.55,2022-05-13,0.019179317753410086
2004.49,-6.84,2021.33,1996.25,2022-05-16,-0.0034007348371475343
2027.34,22.85,2039.86,2013.88,2022-05-17,0.011399408328302885
2002.54,-24.8,2038.75,2001.25,2022-05-18,-0.012232777925754945
1992.4,-10.14,1997.35,1967.43,2022-05-19,-0.005063569267030776
1994.09,1.69,2020.1,1987.78,2022-05-20,0.0008482232483435492
2018.87,24.78,2025.14,1998.84,2022-05-23,0.012426720960438065
2001.1,-17.77,2017.99,1995.18,2022-05-24,-0.008801953568085108
1981.82,-19.28,2019.78,1981.82,2022-05-25,-0.00963470091449703
2058.1,76.28,2058.1,2016.1,2022-05-27,0.03848987294507067
2075.28,17.18,2086.1,2069.61,2022-05-30,0.008347504980321885
2042.64,-32.64,2074.31,2042.64,2022-05-31,-0.015727998149647315
2041.26,-1.38,2062.95,2038.41,2022-06-01,-0.0006755962871578536
2075.68,34.42,2080.52,2047.09,2022-06-02,0.016862134172030974
2069.41,-6.27,2092.26,2067.72,2022-06-03,-0.003020696831881553
2074.21,4.8,2082.71,2054.44,2022-06-07,0.002319501693719639
2069.93,-4.28,2086.2,2059.44,2022-06-08,-0.002063436199806312
2044.06,-25.88,2071.32,2042.19,2022-06-09,-0.012498007178986636
1990.8,-53.26,2030.76,1988.69,2022-06-10,-0.026055986614874294
1956.5,-34.29,1977.63,1948.87,2022-06-13,-0.017229254571026753
1931.39,-25.11,1973.12,1927.03,2022-06-14,-0.012834142601584442
1946.86,15.47,1957.67,1927.0,2022-06-15,0.008009775343146508
1890.33,-56.53,1945.69,1883.23,2022-06-16,-0.029036499799677373
1884.27,-6.07,1911.84,1882.92,2022-06-17,-0.0032057894653314545
1895.24,10.98,1900.29,1881.23,2022-06-20,0.005821883275751283
1903.38,8.14,1924.36,1900.12,2022-06-21,0.004294970557818578
1895.84,-7.55,1898.75,1864.53,2022-06-22,-0.003961373976820282
1865.54,-30.3,1892.04,1861.74,2022-06-23,-0.01598236138070719
1865.54,0.0,1865.54,1865.54,2022-06-24,0.0
1924.84,59.3,1930.78,1901.11,2022-06-27,0.031787042893746564
1913.14,-11.7,1940.62,1911.54,2022-06-28,-0.006078427297853239
1908.31,-4.83,1918.5,1895.67,2022-06-29,-0.002524645347439347
1872.68,-35.63,1887.01,1858.12,2022-06-30,-0.01867097064942269
1875.94,3.26,1897.18,1850.4,2022-07-01,0.00174082064207437
1893.56,17.62,1901.3,1881.09,2022-07-04,0.009392624497585045
1866.16,-27.4,1911.82,1865.14,2022-07-05,-0.014470098650161578
1918.67,52.51,1923.87,1888.34,2022-07-06,0.028137994598533833
1954.58,35.91,1955.12,1926.92,2022-07-07,0.018716089791365853
1971.04,16.46,1971.06,1943.68,2022-07-08,0.008421246508201197
1937.49,-33.55,1952.77,1934.87,2022-07-11,-0.017021470898611835
1968.81,31.32,1968.81,1916.69,2022-07-12,0.01616524472384362
1931.27,-37.54,1963.56,1917.65,2022-07-13,-0.0190673554075812
1903.51,-27.76,1927.92,1885.87,2022-07-14,-0.014373961175806582
1903.82,0.31,1906.62,1873.95,2022-07-15,0.0001628570377880667
1930.5,26.68,1938.32,1911.79,2022-07-18,0.014013929888329724
1961.12,30.61,1961.38,1904.07,2022-07-19,0.015861175861175747
1961.31,0.19,1978.87,1950.96,2022-07-20,9.688341355973407e-05
1975.97,14.66,1981.92,1940.23,2022-07-21,0.007474596060796035
1979.7,3.73,1990.18,1962.66,2022-07-22,0.0018876804809788705
1970.89,-8.81,1981.72,1965.92,2022-07-25,-0.004450169217558142
1962.96,-7.92,1983.44,1961.19,2022-07-26,-0.0040235629588663
1971.38,8.41,1981.71,1965.27,2022-07-27,0.004289440436891168
1996.02,24.65,1996.02,1978.45,2022-07-28,0.012498858667532309
2032.53,36.5,2035.43,2004.12,2022-07-29,0.018291399885772774
2011.11,-21.42,2039.96,2000.37,2022-08-01,-0.010538589836312395
1993.92,-17.19,2004.14,1987.58,2022-08-02,-0.0085475185345405
2005.58,11.66,2010.62,1987.56,2022-08-03,0.005847777242818042
2020.83,15.25,2026.91,2009.96,2022-08-04,0.007603785438626165
1998.57,-22.26,2029.8,1998.49,2022-08-05,-0.011015275901485988
2017.15,18.58,2026.87,2003.86,2022-08-08,0.009296647102678524
1987.68,-29.47,2017.31,1981.72,2022-08-09,-0.014609721636963058
2025.48,37.8,2025.48,1975.19,2022-08-10,0.01901714561700074
2024.48,-1.0,2037.55,2016.6,2022-08-11,-0.0004937101329067772
2032.51,8.03,2041.09,2027.61,2022-08-12,0.0039664506441159375
2036.67,4.15,2046.16,2031.01,2022-08-15,0.0020467303973905615
2058.94,22.27,2059.31,2038.69,2022-08-16,0.010934515655457222
2034.76,-24.17,2065.12,2031.99,2022-08-17,-0.011743907058972103
2053.33,18.57,2057.78,2034.1,2022-08-18,0.00912638345554262
2037.97,-15.36,2053.17,2037.87,2022-08-19,-0.007480531624239561
1995.99,-41.98,2035.86,1995.82,2022-08-22,-0.02059892932673202
1985.63,-10.36,2005.2,1980.23,2022-08-23,-0.0051904067655649255
1983.58,-2.06,1992.44,1965.39,2022-08-24,-0.0010324179227751973
1987.32,3.74,1998.67,1975.51,2022-08-25,0.0018854797890681674
1956.17,-31.15,2000.67,1954.97,2022-08-26,-0.01567437554092943
1940.13,-16.04,1949.49,1919.04,2022-08-29,-0.008199696345409624
1942.43,2.3,1975.59,1936.18,2022-08-30,0.0011854875704204737
1920.23,-22.19,1951.18,1920.23,2022-08-31,-0.011428983283824912
1875.49,-44.75,1907.13,1875.49,2022-09-01,-0.023299292272279892
1925.04,49.55,1925.92,1882.96,2022-09-02,0.026419762302118288
1898.81,-26.23,1901.71,1878.37,2022-09-05,-0.013625690894734643
1903.25,4.45,1920.57,1888.86,2022-09-06,0.0023383066236222216
1897.76,-5.49,1902.29,1875.66,2022-09-07,-0.0028845396033101434
1907.31,9.54,1916.5,1872.95,2022-09-08,0.005032248545653761
1934.06,26.75,1941.1,1911.0,2022-09-09,0.014024988072206312
1974.54,40.49,1975.74,1941.77,2022-09-12,0.020930064217242528
1938.23,-36.31,1985.2,1938.23,2022-09-13,-0.018389093155874225
1916.36,-21.86,1937.2,1910.27,2022-09-14,-0.011283490607409963
1911.79,-4.58,1932.35,1908.14,2022-09-15,-0.00238472938278822
1881.51,-30.28,1901.4,1881.51,2022-09-16,-0.015838559674441255
1877.92,-3.59,1885.92,1854.13,2022-09-19,-0.0019080419450334674
1856.67,-21.25,1900.31,1856.67,2022-09-20,-0.01131571099940365
1878.77,22.11,1882.24,1842.25,2022-09-21,0.011903030694738304
1837.91,-40.86,1868.42,1835.38,2022-09-22,-0.021748271475486525
1817.96,-19.95,1840.65,1799.79,2022-09-23,-0.010854720851401933
1811.78,-6.18,1834.91,1805.49,2022-09-26,-0.00339941472859695
1829.37,17.59,1841.74,1815.43,2022-09-27,0.009708684277340396
1838.77,9.4,1841.54,1791.37,2022-09-28,0.0051383809726845975
1794.39,-44.38,1828.11,1781.87,2022-09-29,-0.024135699407756173
1828.98,34.59,1833.33,1796.83,2022-09-30,0.019276745857923716
1839.51,10.53,1839.51,1782.33,2022-10-03,0.005757307351638596
1909.64,70.13,1910.71,1855.84,2022-10-04,0.03812428309712912
1882.92,-26.72,1907.51,1874.84,2022-10-05,-0.013992166062713363
1883.04,0.12,1905.38,1875.46,2022-10-06,6.373080109600693e-05
1841.77,-41.27,1881.94,1839.04,2022-10-07,-0.021916687908913213
1836.91,-4.86,1858.54,1824.02,2022-10-10,-0.0026387659696921473
1834.1,-2.81,1844.64,1818.61,2022-10-11,-0.0015297428834293303
1834.36,0.26,1850.88,1826.41,2022-10-12,0.00014175890082324116
1856.86,22.5,1864.67,1799.3,2022-10-13,0.012265858392027651
1869.02,12.16,1893.44,1861.79,2022-10-14,0.006548689723511858
1908.38,39.35,1916.28,1857.08,2022-10-17,0.02105916469593705
1938.56,30.18,1949.01,1922.04,2022-10-18,0.01581446043240864
1926.44,-12.12,1962.99,1926.44,2022-10-19,-0.006252063387256479
1905.99,-20.45,1919.67,1886.74,2022-10-20,-0.010615435726002431
1901.51,-4.48,1910.3,1880.35,2022-10-21,-0.0023504845251024475
1938.73,37.23,1941.42,1905.62,2022-10-24,0.01957391757077276
1965.29,26.55,1966.73,1922.01,2022-10-25,0.013699690003249554
1970.06,4.78,1973.58,1945.17,2022-10-26,0.002427122714713903
1968.23,-1.84,1974.14,1956.18,2022-10-27,-0.0009289057186074867
1974.28,6.05,1978.12,1945.2,2022-10-28,0.0030738277538702174
1968.53,-5.75,1979.0,1960.69,2022-10-31,-0.0029124541605041188
1974.99,6.47,1997.2,1969.48,2022-11-01,0.0032816365511321166
1980.52,5.53,1991.96,1974.04,2022-11-02,0.0028000141772870357
1960.06,-20.47,1965.65,1945.39,2022-11-03,-0.010330620241148836
1999.01,38.95,1999.02,1966.28,2022-11-04,0.01987184065793901
2008.62,9.61,2014.33,1988.25,2022-11-07,0.004807379652928212
2035.99,27.36,2039.04,2002.36,2022-11-08,0.01362627077296863
2033.12,-2.86,2035.09,2018.31,2022-11-09,-0.0014096336426014933
2106.11,72.99,2106.63,2011.92,2022-11-10,0.03590048792004419
2108.67,2.56,2121.13,2088.57,2022-11-11,0.0012155110606757447
2107.99,-0.69,2120.6,2095.3,2022-11-14,-0.00032247814973429545
2098.01,-9.98,2113.8,2086.78,2022-11-15,-0.004734367810093731
2074.98,-23.02,2110.47,2073.65,2022-11-16,-0.010977068746097607
2067.08,-7.9,2094.77,2054.36,2022-11-17,-0.0038072656121986848
2087.37,20.29,2095.05,2069.85,2022-11-18,0.009815778779727946
2082.57,-4.8,2093.1,2072.39,2022-11-21,-0.0022995444027650302
2096.56,13.99,2103.35,2072.21,2022-11-22,0.006717661351118842
2109.84,13.27,2112.34,2098.54,2022-11-23,0.006334185522951952
2106.75,-3.08,2118.52,2100.52,2022-11-24,-0.0014645660334433597
2116.74,9.99,2117.67,2103.53,2022-11-25,0.00474190103239569
2096.38,-20.36,2110.82,2092.49,2022-11-28,-0.009618564396194018
2092.24,-4.13,2108.11,2089.86,2022-11-29,-0.0019748328070293697
2102.42,10.18,2120.35,2097.22,2022-11-30,0.0048655985928958145
2125.09,22.67,2137.86,2115.3,2022-12-01,0.010782812187859703
2129.47,4.37,2136.84,2110.18,2022-12-02,0.0020610891773993334
2139.69,10.23,2145.0,2123.89,2022-12-05,0.004799316261792974
2111.28,-28.41,2145.21,2105.69,2022-12-06,-0.013277624328757787
2088.43,-22.86,2109.77,2082.81,2022-12-07,-0.010822818385055721
2091.88,3.45,2099.77,2085.68,2022-12-08,0.0016519586483627613
2116.45,24.57,2120.76,2099.35,2022-12-09,0.011745415607013587
2108.92,-7.52,2111.4,2095.22,2022-12-12,-0.0035578445037679485
2140.7,31.77,2162.3,2106.8,2022-12-13,0.015069324583198762
2139.03,-1.67,2149.81,2111.47,2022-12-14,-0.0007801186527769399
2079.52,-59.51,2119.1,2079.52,2022-12-15,-0.02782102167805045
2046.09,-33.43,2084.44,2043.73,2022-12-16,-0.016075825190428605
2047.98,1.89,2061.94,2044.52,2022-12-19,0.0009237130331509746
2036.42,-11.56,2043.88,2023.77,2022-12-20,-0.005644586372913762
2065.13,28.71,2066.05,2043.07,2022-12-21,0.014098270494298903
2043.3,-21.83,2076.7,2039.9,2022-12-22,-0.010570763099659652
2054.33,11.03,2061.16,2043.97,2022-12-23,0.00539813047521176
2067.61,13.28,2079.66,2062.8,2022-12-27,0.006464394717499156
2052.76,-14.85,2070.41,2048.16,2022-12-28,-0.007182205541664044
2075.31,22.55,2075.41,2042.83,2022-12-29,0.010985210156082337
2043.4,-31.91,2072.24,2043.23,2022-12-30,-0.015376016113255342
2075.76,32.35,2075.76,2054.8,2023-01-02,0.01583635117940685
2090.03,14.27,2104.63,2069.67,2023-01-03,0.006874590511427137
2120.35,30.32,2120.55,2095.51,2023-01-04,0.01450696879949076
2137.44,17.09,2137.54,2110.41,2023-01-05,0.0080599900959748
2191.82,54.38,2191.82,2160.59,2023-01-09,0.025441649824088586
2180.7,-11.12,2184.19,2168.61,2023-01-10,-0.005073409312808641
2207.8,27.09,2216.88,2183.4,2023-01-11,0.012427202274499116
2225.27,17.48,2234.7,2200.29,2023-01-12,0.007912854425219606
2217.18,-8.09,2225.87,2204.74,2023-01-13,-0.0036355138926962294
2225.1,7.92,2226.08,2208.97,2023-01-16,0.003572105106486756
2212.83,-12.27,2225.22,2209.96,2023-01-17,-0.005514358905217787
2218.74,5.9,2234.51,2211.74,2023-01-18,0.0026707880858447552
2173.89,-44.84,2210.1,2173.89,2023-01-19,-0.020214175613185836
2197.42,23.53,2197.73,2179.0,2023-01-20,0.01082391473349631
2224.53,27.11,2226.24,2204.61,2023-01-23,0.012337195438286708
2216.17,-8.36,2229.46,2204.42,2023-01-24,-0.003758097216041145
2204.3,-11.87,2218.95,2193.52,2023-01-25,-0.005356087303771795
2190.53,-13.77,2208.69,2184.04,2023-01-26,-0.006246881096039547
2197.66,7.13,2204.15,2187.29,2023-01-27,0.0032549200421814195
2200.08,2.42,2204.23,2183.39,2023-01-30,0.0011011712457795753
2198.54,-1.54,2202.89,2184.34,2023-01-31,-0.0006999745463801554
2210.13,11.59,2215.47,2195.51,2023-02-01,0.005271680296924375
2287.4,77.27,2287.54,2226.35,2023-02-02,0.03496174433178134
2294.52,7.12,2295.3,2265.28,2023-02-03,0.003112704380519249
2258.2,-36.31,2282.73,2253.04,2023-02-06,-0.015829018705437403
2254.8,-3.4,2267.29,2250.07,2023-02-07,-0.001505623948277246
2244.14,-10.66,2269.51,2244.1,2023-02-08,-0.004727692034770414
2235.37,-8.77,2265.72,2232.15,2023-02-09,-0.003907955831632615
2200.77,-34.6,2227.29,2189.09,2023-02-10,-0.015478421916729657
2233.18,32.41,2234.98,2206.86,2023-02-13,0.014726663849470745
2232.45,-0.73,2254.38,2224.8,2023-02-14,-0.0003268881147063807
2255.14,22.68,2255.47,2224.93,2023-02-15,0.010163721471925458
2256.54,1.41,2268.93,2241.96,2023-02-16,0.0006208040299051643
2249.38,-7.16,2257.93,2230.71,2023-02-17,-0.0031729993707179105
2238.45,-10.93,2254.57,2235.59,2023-02-20,-0.004859116734389213
2223.49,-14.96,2246.29,2216.09,2023-02-21,-0.006683195961491251
2223.3,-0.19,2225.48,2202.85,2023-02-22,-8.545125006165222e-05
2227.58,4.28,2242.02,2225.46,2023-02-23,0.0019250663428236336
2206.43,-21.15,2240.01,2198.17,2023-02-24,-0.009494608498909152
2234.99,28.55,2244.89,2216.44,2023-02-27,0.012943986439633237
2226.75,-8.23,2233.2,2214.32,2023-02-28,-0.0036868173906817736
2214.68,-12.07,2243.98,2210.49,2023-03-01,-0.0054204558212642695
2214.67,-0.01,2219.81,2198.26,2023-03-02,-4.515325012999227e-06
2252.76,38.09,2254.32,2223.58,2023-03-03,0.017198950633728893
2261.86,9.1,2268.69,2253.2,2023-03-06,0.004039489337523738
2244.66,-17.2,2268.96,2243.41,2023-03-07,-0.007604361012618077
2248.52,3.86,2253.47,2238.3,2023-03-08,0.001719636826958304
2245.11,-3.41,2252.57,2228.71,2023-03-09,-0.0015165531104903707
2192.06,-53.04,2213.56,2178.64,2023-03-10,-0.02362913175746406
2156.58,-35.49,2202.15,2137.58,2023-03-13,-0.016185688347946647
2186.36,29.78,2193.75,2146.2,2023-03-14,0.013808901130493823
2096.8,-89.56,2179.73,2096.69,2023-03-15,-0.04096306189282639
2125.23,28.43,2134.36,2085.4,2023-03-16,0.013558756199923527
2088.02,-37.21,2145.89,2076.04,2023-03-17,-0.017508693176738532
2118.71,30.69,2130.44,2050.43,2023-03-20,0.014698135075334573
2145.4,26.68,2152.64,2130.36,2023-03-21,0.012597287972398341
2146.83,1.43,2155.36,2139.29,2023-03-22,0.0006665423697211903
2136.0,-10.83,2140.54,2111.74,2023-03-23,-0.005044647224046628
2087.81,-48.19,2122.74,2083.53,2023-03-24,-0.022560861423221
2111.77,23.96,2129.54,2100.43,2023-03-27,0.011476140070217244
2115.61,3.85,2132.21,2110.49,2023-03-28,0.0018183798425017716
2149.36,33.75,2149.36,2128.68,2023-03-29,0.01595284575134359
2199.44,50.08,2199.61,2152.84,2023-03-30,0.023299959057579978
2223.74,24.3,2225.63,2193.57,2023-03-31,0.011048266831557019
2211.02,-12.73,2220.13,2208.09,2023-04-03,-0.0057200931763604634
2215.91,4.89,2238.16,2211.42,2023-04-04,0.0022116489222168134
2174.94,-40.97,2209.72,2166.57,2023-04-05,-0.0184890180557874
2184.73,9.79,2185.33,2171.5,2023-04-06,0.004501273598352062
2211.18,26.46,2211.18,2197.96,2023-04-11,0.012106759187634042
2215.15,3.97,2239.01,2209.77,2023-04-12,0.0017954214491811005
2225.14,9.98,2225.14,2206.77,2023-04-13,0.004509852605918185
2249.47,24.33,2254.63,2231.05,2023-04-14,0.010934143469624402
2249.67,0.19,2263.6,2245.51,2023-04-17,8.890983209397518e-05
2256.28,6.61,2265.81,2245.6,2023-04-18,0.002938208715056012
2249.68,-6.6,2255.88,2242.27,2023-04-19,-0.002925168862020877
2248.82,-0.86,2257.37,2241.39,2023-04-20,-0.0003822765904483161
2246.41,-2.41,2259.46,2235.96,2023-04-21,-0.001071673144137919
2259.82,13.42,2264.67,2247.27,2023-04-24,0.005969524708312468
2249.2,-10.62,2256.5,2237.1,2023-04-25,-0.0046994893398590865
2240.08,-9.12,2247.71,2221.17,2023-04-26,-0.004054775031122171
2271.1,31.02,2284.63,2225.85,2023-04-27,0.01384771972429566
2270.58,-0.52,2285.89,2247.79,2023-04-28,-0.00022896393817972704
2235.03,-35.56,2273.63,2232.29,2023-05-02,-0.015656792537589448
2238.76,3.74,2255.6,2228.82,2023-05-03,0.0016688814020393572
2228.17,-10.59,2235.29,2219.91,2023-05-04,-0.004730297128767824
2240.48,12.31,2240.48,2210.0,2023-05-05,0.005524713105373502
2239.1,-1.39,2245.21,2229.39,2023-05-08,-0.0006159394415482522
2223.58,-15.52,2236.68,2208.52,2023-05-09,-0.006931356348532924
2208.66,-14.92,2232.25,2189.73,2023-05-10,-0.006709900250946754
2229.91,21.25,2240.04,2211.42,2023-05-11,0.009621218295255973
2236.03,6.12,2248.75,2231.45,2023-05-12,0.002744505383625473
2251.24,15.21,2252.42,2239.76,2023-05-15,0.00680223431707061
2236.25,-14.99,2250.84,2230.64,2023-05-16,-0.006658552619889346
2246.2,9.95,2248.29,2232.59,2023-05-17,0.004449413079932851
2288.37,42.17,2295.53,2276.88,2023-05-19,0.018773929302822623
2283.31,-5.07,2286.61,2276.22,2023-05-22,-0.002211180884210129
2267.34,-15.96,2282.26,2265.62,2023-05-23,-0.006994232057845773
2229.89,-37.45,2250.81,2224.41,2023-05-24,-0.016517152257711776
2231.57,1.68,2244.19,2221.04,2023-05-25,0.0007534003919478227
2272.2,40.63,2276.87,2239.43,2023-05-26,0.018206912622055205
2258.64,-13.55,2283.63,2253.34,2023-05-29,-0.005967784526009989
2255.0,-3.65,2279.43,2253.54,2023-05-30,-0.0016115892749618554
2234.96,-20.04,2259.06,2233.11,2023-05-31,-0.00888691796008867
2252.43,17.47,2257.14,2238.39,2023-06-01,0.007816694705945482
2292.5,40.08,2295.03,2266.14,2023-06-02,0.01778967603876702
2293.06,0.56,2311.42,2288.79,2023-06-05,0.0002442748091602276
2305.36,12.3,2311.8,2299.86,2023-06-07,0.005364011408336644
2302.98,-2.38,2311.53,2295.46,2023-06-08,-0.0010323767220737912
2301.98,-1.0,2309.13,2292.92,2023-06-09,-0.00043422001059501003
2299.5,-2.48,2315.54,2295.17,2023-06-12,-0.0010773334260071321
2320.96,21.46,2325.57,2308.98,2023-06-13,0.00933246357903883
2312.75,-8.2,2315.23,2303.69,2023-06-14,-0.003537329380945864
2310.66,-2.09,2317.44,2292.55,2023-06-15,-0.0009036860879905184
2322.64,11.98,2326.12,2311.23,2023-06-16,0.005184665853046333
2292.68,-29.96,2312.47,2289.58,2023-06-19,-0.012899114800399514
2281.16,-11.52,2290.23,2276.95,2023-06-20,-0.005024687265558159
2265.63,-15.53,2280.03,2258.77,2023-06-21,-0.006807939820091424
2235.41,-30.22,2246.03,2224.29,2023-06-22,-0.013338453322034205
2238.5,3.09,2240.29,2205.37,2023-06-26,0.001382296759878665
2244.6,6.1,2244.62,2220.87,2023-06-27,0.002725039088675496
2262.07,17.47,2268.46,2254.69,2023-06-28,0.007783123941905057
2284.77,22.7,2292.5,2259.05,2023-06-29,0.010035056386407115
2309.9,25.13,2314.18,2290.61,2023-06-30,0.01099891892838234
2294.59,-15.31,2316.34,2294.59,2023-07-03,-0.006627992553790207
2295.93,1.33,2301.84,2290.29,2023-07-04,0.0005839823236393205
2279.42,-16.51,2296.76,2274.44,2023-07-05,-0.007190985787894122
2238.51,-40.9,2270.18,2229.36,2023-07-06,-0.017947548060471497
2246.19,7.67,2254.68,2227.33,2023-07-07,0.003430853558840319
2243.79,-2.4,2247.93,2228.7,2023-07-10,-0.0010684759526131682
2247.96,4.17,2253.4,2231.26,2023-07-11,0.0018584626903588308
2264.21,16.24,2266.27,2239.16,2023-07-12,0.007228776312745877
2261.2,-3.0,2270.5,2254.84,2023-07-13,-0.0013293819919530936
2248.08,-13.12,2259.27,2243.04,2023-07-14,-0.005802228905006146
2243.13,-4.95,2244.24,2225.85,2023-07-17,-0.0022018789366925473
2258.83,15.7,2259.58,2239.62,2023-07-18,0.006999148511231956
2235.75,-23.08,2263.32,2234.59,2023-07-19,-0.01021767906394011
2224.52,-11.23,2225.7,2199.98,2023-07-20,-0.005022922956502307
2227.45,2.93,2228.8,2202.29,2023-07-21,0.0013171380792260656
2243.81,16.36,2244.18,2217.99,2023-07-24,0.007344721542571264
2259.09,15.28,2261.8,2233.16,2023-07-25,0.006809845753428467
2235.23,-23.86,2255.76,2220.08,2023-07-26,-0.010561774873953711
2254.15,18.92,2265.78,2237.01,2023-07-27,0.008464453322476917
2253.85,-0.3,2258.64,2246.35,2023-07-28,-0.0001330878601690788
2250.92,-2.94,2256.82,2245.05,2023-07-31,-0.0012999977815736363
2240.12,-10.8,2252.86,2239.92,2023-08-01,-0.004798038135518046
2222.74,-17.38,2229.43,2199.59,2023-08-02,-0.0077585129368069605
2196.59,-26.15,2214.34,2189.73,2023-08-03,-0.011764758811196874
2209.64,13.05,2213.86,2192.24,2023-08-04,0.005941026773316649
2209.83,0.19,2209.83,2192.35,2023-08-07,8.598685758776092e-05
2194.44,-15.39,2210.44,2187.08,2023-08-08,-0.006964336623179079
2209.52,15.08,2226.22,2206.91,2023-08-09,0.006871912651974954
2223.17,13.65,2230.91,2212.81,2023-08-10,0.006177812375538716
2203.4,-19.78,2217.62,2195.61,2023-08-11,-0.008892707260353405
2203.3,-0.09,2210.1,2191.27,2023-08-14,-4.538440591805859e-05
2178.5,-24.8,2204.3,2172.52,2023-08-15,-0.011255843507466112
2180.56,2.06,2185.5,2166.39,2023-08-16,0.0009456047739269113
2154.56,-26.0,2167.58,2151.4,2023-08-17,-0.01192354257621897
2145.66,-8.9,2150.06,2132.09,2023-08-18,-0.004130773800683274
2139.03,-6.63,2159.76,2137.65,2023-08-21,-0.0030899583344983217
2153.65,14.62,2163.01,2143.06,2023-08-22,0.006834873751186299
2154.7,1.06,2161.48,2148.74,2023-08-23,0.0004875444013650032
2145.74,-8.96,2178.42,2144.83,2023-08-24,-0.004158351510651137
2148.47,2.72,2164.62,2133.48,2023-08-25,0.0012722883480758007
2174.31,25.84,2177.89,2161.22,2023-08-28,0.012027163516362904
2191.46,17.15,2194.44,2179.63,2023-08-29,0.007887559731593052
2185.08,-6.38,2198.41,2178.75,2023-08-30,-0.002911301141704681
2184.74,-0.33,2195.33,2179.74,2023-08-31,-0.00015560071027154176
2186.21,1.46,2200.09,2175.81,2023-09-01,0.0006728489431238049
2193.76,7.56,2208.69,2192.54,2023-09-04,0.003453465129150457
2203.7,9.94,2210.15,2186.17,2023-09-05,0.0045310334767703075
2202.57,-1.13,2208.46,2184.75,2023-09-06,-0.0005127739710485413
2185.58,-16.99,2206.05,2177.45,2023-09-07,-0.00771371624965389
2176.34,-9.24,2192.13,2162.98,2023-09-08,-0.0042277107220966
2184.56,8.22,2193.24,2177.68,2023-09-11,0.0037769833757592686
2177.12,-7.44,2190.88,2173.98,2023-09-12,-0.003405720145017832
2162.46,-14.65,2171.68,2148.21,2023-09-13,-0.006733666495186252
2190.2,27.74,2194.08,2157.82,2023-09-14,0.012827982945349259
2195.2,5.0,2212.19,2194.72,2023-09-15,0.0022828965391288314
2187.02,-8.18,2196.43,2182.01,2023-09-18,-0.0037263119533527123
2177.2,-9.82,2191.18,2170.88,2023-09-19,-0.0044901281195417475
2202.45,25.25,2206.98,2177.57,2023-09-20,0.01159746463347422
2178.82,-23.62,2188.63,2170.83,2023-09-21,-0.01072896092987341
2165.94,-12.89,2176.87,2162.69,2023-09-22,-0.005911456660027015
2156.12,-9.81,2170.8,2141.86,2023-09-25,-0.00453382826855786
2133.16,-22.96,2148.98,2124.97,2023-09-26,-0.010648757954102805
2130.32,-2.83,2145.46,2126.78,2023-09-27,-0.001331358172851349
2137.65,7.32,2138.58,2119.11,2023-09-28,0.003440797626647507
2155.49,17.84,2165.04,2144.15,2023-09-29,0.008345613173344368
2145.97,-9.52,2174.25,2135.96,2023-10-02,-0.004416629165526209
2125.06,-20.91,2149.22,2121.17,2023-10-03,-0.009743845440523313
2116.77,-8.28,2125.01,2104.7,2023-10-04,-0.0039010663228332687
2127.06,10.29,2140.01,2118.8,2023-10-05,0.00486118000538549
2154.02,26.95,2154.02,2127.39,2023-10-06,0.012674771750679437
2133.26,-20.75,2151.19,2130.54,2023-10-09,-0.009637793520951399
2193.06,59.8,2195.07,2154.68,2023-10-10,0.028032213607342538
2193.71,0.65,2197.2,2182.34,2023-10-11,0.00029638951966659555
2212.13,18.42,2235.9,2208.23,2023-10-12,0.008396734299428887
2189.84,-22.29,2208.87,2185.96,2023-10-13,-0.010076261340879578
2190.78,0.94,2201.56,2177.76,2023-10-16,0.0004292551053959315
2172.25,-18.53,2185.6,2154.93,2023-10-17,-0.008458174714028877
2144.44,-27.81,2177.98,2142.83,2023-10-18,-0.0128023938312809
2121.83,-22.61,2148.74,2117.8,2023-10-19,-0.010543545167969293
2077.66,-44.17,2100.98,2076.24,2023-10-20,-0.020816936323833746
2066.5,-11.16,2087.75,2051.75,2023-10-23,-0.005371427471289714
2074.19,7.7,2078.47,2050.23,2023-10-24,0.00372126784418092
2073.84,-0.35,2085.2,2055.67,2023-10-25,-0.00016874056860749498
2064.55,-9.29,2072.24,2036.88,2023-10-26,-0.004479612699147428
2049.65,-14.9,2073.94,2042.65,2023-10-27,-0.007217069094960227
2057.14,7.49,2065.68,2048.95,2023-10-30,0.0036542824384651063
2075.79,18.65,2083.61,2059.78,2023-10-31,0.009065984813867889
2073.43,-2.36,2085.97,2060.3,2023-11-01,-0.001136916547434974
2110.8,37.37,2123.11,2086.57,2023-11-02,0.018023275442141884
2126.76,15.95,2134.05,2120.39,2023-11-03,0.0075611142694713696
2123.5,-3.26,2141.23,2112.24,2023-11-06,-0.0015328480881717788
2116.06,-7.43,2124.89,2107.14,2023-11-07,-0.0035036496350365764
2114.32,-1.74,2125.12,2102.8,2023-11-08,-0.0008222829220342343
2137.98,23.66,2140.2,2112.25,2023-11-09,0.011190359075258227
2115.38,-22.6,2124.53,2102.71,2023-11-10,-0.010570725638219258
2122.63,7.25,2131.07,2116.19,2023-11-13,0.0034272802049750695
2169.98,47.35,2170.0,2121.94,2023-11-14,0.02230723206588059
2192.97,22.99,2199.03,2173.97,2023-11-15,0.010594567691867951
2171.53,-21.43,2190.28,2167.13,2023-11-16,-0.009776695531630408
2198.83,27.29,2203.83,2181.35,2023-11-17,0.012571781186536457
2206.34,7.51,2208.97,2192.81,2023-11-20,0.003415452763515292
2197.08,-9.26,2208.52,2192.72,2023-11-21,-0.004196995929911185
2213.18,16.1,2223.21,2202.52,2023-11-22,0.0073279079505526035
2226.34,13.16,2231.59,2213.41,2023-11-23,0.005946195067730642
2229.37,3.03,2231.5,2222.78,2023-11-24,0.001360978107566524
2226.85,-2.52,2232.52,2219.12,2023-11-27,-0.0011303641836034606
2214.81,-12.05,2223.41,2209.0,2023-11-28,-0.005406740462985837
2233.0,18.19,2239.51,2212.05,2023-11-29,0.008212894108298174
2232.46,-0.54,2245.15,2227.38,2023-11-30,-0.00024182713837883618
2250.21,17.75,2255.21,2236.51,2023-12-01,0.007950870340342142
2253.8,3.59,2265.19,2248.64,2023-12-04,0.0015954066509349385
2267.8,14.0,2270.27,2249.03,2023-12-05,0.006211731298251921
2289.64,21.84,2296.33,2265.22,2023-12-06,0.009630478878207782
2287.13,-2.5,2294.16,2279.82,2023-12-07,-0.001096242204014497
2313.01,25.88,2318.94,2286.76,2023-12-08,0.01131549146747246
2339.78,26.77,2340.31,2312.36,2023-12-11,0.011573663754155916
2334.73,-5.06,2343.29,2331.92,2023-12-12,-0.002158322577336391
2322.75,-11.97,2343.26,2322.75,2023-12-13,-0.005131214316002275
2365.25,42.5,2369.17,2351.5,2023-12-14,0.018297276934667872
2386.43,21.18,2395.44,2373.35,2023-12-15,0.008954655956029844
2374.17,-12.26,2384.7,2371.53,2023-12-18,-0.005137380941406144
2384.54,10.37,2391.41,2376.86,2023-12-19,0.004367842235391661
2390.84,6.3,2394.61,2376.72,2023-12-20,0.0026420190057621085
2375.14,-15.71,2382.93,2364.94,2023-12-21,-0.006566729684964412
2377.05,1.91,2384.03,2365.09,2023-12-22,0.0008041631230160107
2390.28,13.23,2398.86,2378.43,2023-12-27,0.005565722218716429
2389.01,-1.27,2398.91,2384.45,2023-12-28,-0.0005313185066184722
2396.07,7.06,2403.19,2390.87,2023-12-29,0.002955199015491683
2394.93,-1.14,2418.15,2384.79,2024-01-02,-0.00047577908825713333
2356.64,-38.29,2396.13,2345.82,2024-01-03,-0.01598794119243563
2361.9,5.26,2364.72,2347.15,2024-01-04,0.002231991309661341
2337.86,-24.04,2354.32,2335.89,2024-01-05,-0.010178246327109508
2357.77,19.91,2357.82,2330.07,2024-01-08,0.008516335452080082
2344.72,-13.05,2361.72,2332.79,2024-01-09,-0.005534891019904453
2341.94,-2.79,2347.94,2335.31,2024-01-10,-0.0011856426353679117
2336.25,-5.69,2367.53,2333.31,2024-01-11,-0.0024296096398712663
2355.96,19.72,2360.56,2342.0,2024-01-12,0.008436597110754507
2340.47,-15.5,2360.75,2334.45,2024-01-15,-0.006574814512979921
2323.79,-16.68,2330.8,2315.85,2024-01-16,-0.007126773682209042
2297.85,-25.94,2302.54,2285.87,2024-01-17,-0.011162798703841625
2309.95,12.1,2316.39,2293.73,2024-01-18,0.005265791935940012
2297.96,-12.0,2324.16,2294.05,2024-01-19,-0.005190588540877394
2330.55,32.59,2333.84,2314.87,2024-01-22,0.014182144162648624
2337.48,6.93,2345.14,2324.58,2024-01-23,0.002973547016798639
2351.1,13.62,2363.39,2343.79,2024-01-24,0.0058267878227835634
2362.73,11.63,2364.1,2336.06,2024-01-25,0.004946620730721829
2370.13,7.4,2372.03,2346.31,2024-01-26,0.0031319702208885136
2368.06,-2.07,2376.84,2353.59,2024-01-29,-0.0008733698151578428
2368.36,0.3,2379.78,2361.97,2024-01-30,0.00012668597924037073
2356.6,-11.76,2371.24,2355.75,2024-01-31,-0.00496546133189224
2364.81,8.21,2380.2,2349.95,2024-02-01,0.003483832640244433
2367.9,3.09,2384.99,2367.9,2024-02-02,0.0013066588859147465
2339.89,-28.01,2368.17,2336.2,2024-02-05,-0.01182904683474817
2357.52,17.64,2360.7,2339.63,2024-02-06,0.007534542222070284
2356.43,-1.09,2365.13,2353.17,2024-02-07,-0.00046235026638163923
2358.49,2.06,2365.93,2352.47,2024-02-08,0.0008742037743536546
2352.42,-6.08,2366.89,2345.7,2024-02-09,-0.0025736806176832605
2367.5,15.08,2368.74,2357.31,2024-02-12,0.0064104199080095015
2352.77,-14.73,2366.1,2339.81,2024-02-13,-0.00622175290390703
2362.07,9.3,2366.14,2348.87,2024-02-14,0.003952787565295379
2385.24,23.17,2389.63,2374.3,2024-02-15,0.009809192784294929
2408.92,23.68,2415.19,2392.59,2024-02-16,0.009927722157938135
2410.33,1.41,2414.02,2401.0,2024-02-19,0.0005853245437787979
2414.79,4.46,2417.03,2402.28,2024-02-20,0.0018503690366049597
2414.97,0.19,2417.71,2403.17,2024-02-21,7.454064328560328e-05
2426.38,11.41,2442.31,2419.93,2024-02-22,0.0047246963730398495
2435.45,9.07,2437.16,2417.13,2024-02-23,0.0037380789488867805
2438.64,3.19,2443.46,2430.71,2024-02-26,0.0013098195405367719
2442.22,3.59,2444.2,2432.41,2024-02-27,0.001468031361742561
2447.21,4.99,2451.43,2438.96,2024-02-28,0.0020432229692657344
2452.81,5.59,2459.91,2440.44,2024-02-29,0.0022883201686818566
2461.49,8.68,2472.75,2456.41,2024-03-01,0.003538798357801909
2455.36,-6.13,2465.31,2448.22,2024-03-04,-0.002490361528992513
2449.04,-6.33,2458.76,2442.98,2024-03-05,-0.002573960641209516
2460.81,11.78,2462.73,2442.67,2024-03-06,0.004805964786201988
2471.57,10.76,2478.76,2440.9,2024-03-07,0.004372543999739964
2487.7,16.12,2495.85,2471.44,2024-03-08,0.006526216129828288
2479.35,-8.34,2481.5,2466.75,2024-03-11,-0.0033565140491216283
2521.91,42.55,2526.09,2488.6,2024-03-12,0.017165789420614308
2527.46,5.56,2531.8,2512.93,2024-03-13,0.0022007129516914414
2527.85,0.39,2542.97,2523.65,2024-03-14,0.0001543051126426942
2533.62,5.77,2545.64,2527.39,2024-03-15,0.0022825721462902404
2504.8,-28.82,2536.18,2502.06,2024-03-18,-0.011375028615182914
2514.92,10.12,2515.12,2495.75,2024-03-19,0.004040242733950761
2510.44,-4.48,2519.03,2495.14,2024-03-20,-0.0017813687910549492
2550.5,40.06,2551.09,2524.61,2024-03-21,0.015957362056053803
2534.34,-16.16,2555.43,2531.25,2024-03-22,-0.006336012546559466
2526.07,-8.27,2542.91,2517.51,2024-03-25,-0.0032631770007180982
2547.97,21.9,2552.03,2518.21,2024-03-26,0.008669593479198712
2537.37,-10.6,2557.52,2532.48,2024-03-27,-0.004160174570344233
2518.27,-19.1,2542.25,2516.29,2024-03-28,-0.007527479240315715
2508.65,-9.63,2540.32,2501.88,2024-04-02,-0.0038200828346444116
2513.52,4.87,2517.75,2500.07,2024-04-03,0.001941283160265428
2521.86,8.34,2524.62,2508.95,2024-04-04,0.0033180559534040643
2504.8,-17.06,2505.61,2482.93,2024-04-05,-0.006764848167622239
2522.36,17.56,2527.16,2505.9,2024-04-08,0.007010539763653734
2513.5,-8.85,2528.49,2509.03,2024-04-09,-0.003512583453591178
2519.05,5.55,2539.19,2499.65,2024-04-10,0.0022080763875076403
2499.7,-19.35,2518.95,2476.61,2024-04-11,-0.007681467219785354
2506.99,7.29,2540.53,2503.5,2024-04-12,0.0029163499619955235
2523.4,16.4,2548.28,2517.25,2024-04-15,0.006545698227755414
2491.76,-31.64,2504.14,2482.77,2024-04-16,-0.012538638345089947
2505.27,13.52,2526.01,2487.97,2024-04-17,0.005421870485118774
2517.69,12.41,2524.19,2498.97,2024-04-18,0.004957549485684165
2502.07,-15.62,2504.16,2481.48,2024-04-19,-0.0062040997898866745
2511.41,9.34,2525.5,2506.58,2024-04-22,0.0037329091512225965
2546.33,34.93,2548.97,2516.86,2024-04-23,0.013904539680896333
2543.21,-3.12,2555.02,2522.67,2024-04-24,-0.0012252928724870715
2525.4,-17.81,2544.91,2507.92,2024-04-25,-0.007002960825098992
2557.69,32.3,2565.19,2534.04,2024-04-26,0.012786093292151746
2566.81,9.11,2572.75,2563.54,2024-04-29,0.00356571750290291
2556.4,-10.41,2568.2,2539.27,2024-04-30,-0.0040556176732987614
2525.21,-31.19,2547.07,2522.71,2024-05-02,-0.012200751056172798
2540.08,14.87,2550.33,2524.78,2024-05-03,0.005888619164346576
2563.79,23.71,2563.92,2541.4,2024-05-06,0.009334351673963015
2593.17,29.38,2593.17,2561.83,2024-05-07,0.0114595969248652
2589.1,-4.07,2606.18,2588.39,2024-05-08,-0.0015695075910950873
2627.87,38.77,2633.95,2606.24,2024-05-10,0.014974315399173488
2624.76,-3.11,2628.89,2616.98,2024-05-13,-0.001183467979770536
2632.85,8.1,2634.73,2617.85,2024-05-14,0.0030821865618189115
2627.52,-5.33,2642.72,2619.79,2024-05-15,-0.0020244222040753934
2608.82,-18.7,2629.24,2602.44,2024-05-16,-0.007116977225672838
2602.2,-6.62,2609.37,2591.01,2024-05-17,-0.002537545710321276
2632.17,29.97,2632.17,2607.93,2024-05-20,0.01151717777265393
2631.49,-0.68,2631.76,2615.58,2024-05-21,-0.0002583419763921846
2634.51,3.01,2638.31,2623.51,2024-05-22,0.0011476387901911966
2641.47,6.96,2648.2,2631.39,2024-05-23,0.0026418574991173838
2624.5,-16.97,2626.39,2607.7,2024-05-24,-0.006424453050763335
2630.3,5.8,2631.13,2617.91,2024-05-27,0.0022099447513812542
2616.29,-14.01,2637.04,2605.3,2024-05-28,-0.005326388624871781
2583.5,-32.79,2613.37,2582.95,2024-05-29,-0.012533014306517987
2593.07,9.57,2595.3,2574.69,2024-05-30,0.0037042771434101507
2604.1,11.03,2606.18,2584.64,2024-05-31,0.00425364529303085
2612.02,7.91,2636.26,2606.17,2024-06-03,0.00304135785876114
2587.7,-24.31,2608.22,2582.06,2024-06-04,-0.009310801601825514
2609.72,22.02,2614.02,2598.0,2024-06-05,0.008509487189396037
2623.59,13.87,2630.87,2605.17,2024-06-07,0.005314746409576632
2600.72,-22.87,2612.26,2587.36,2024-06-10,-0.008717063260646807
2586.96,-13.75,2614.76,2574.42,2024-06-11,-0.005290842535913054
2627.12,40.15,2632.19,2592.83,2024-06-12,0.015524012740823157
2587.11,-40.0,2625.16,2586.07,2024-06-13,-0.015229605042784367
2561.6,-25.51,2592.43,2554.78,2024-06-14,-0.009860423406813146
2558.51,-3.09,2581.68,2548.01,2024-06-17,-0.0012062773266706683
2566.49,7.98,2575.01,2554.02,2024-06-18,0.0031190028571315143
2554.21,-12.28,2565.82,2554.21,2024-06-19,-0.004784744924001161
2573.77,19.56,2576.74,2557.96,2024-06-20,0.007657945118060061
2594.54,20.77,2595.8,2549.18,2024-06-24,0.00806987415347904
2561.57,-32.98,2584.33,2557.76,2024-06-25,-0.012707454886029868
2572.24,10.68,2595.0,2562.41,2024-06-26,0.0041654141795850474
2557.87,-14.38,2575.99,2557.08,2024-06-27,-0.005586570459988116
2569.45,11.59,2576.48,2561.14,2024-06-28,0.004527204275432295
2584.83,15.38,2592.82,2570.91,2024-07-01,0.005985716787639372
2554.12,-30.71,2573.85,2547.14,2024-07-02,-0.011880858702506547
2565.27,11.14,2583.13,2557.41,2024-07-03,0.004365495748046344
2571.87,6.61,2583.96,2566.16,2024-07-04,0.0025728285911423843
2556.53,-15.34,2583.32,2552.07,2024-07-05,-0.005964531644289783
2564.3,7.77,2568.57,2547.15,2024-07-08,0.003039275893496285
2534.22,-30.09,2563.04,2529.59,2024-07-09,-0.011730296767149095
2548.4,14.18,2548.7,2528.14,2024-07-10,0.005595410027543046
2574.28,25.88,2579.66,2549.33,2024-07-11,0.010155391618270393
2630.61,56.33,2635.21,2582.9,2024-07-12,0.021881846574576258
2605.29,-25.32,2621.48,2600.24,2024-07-15,-0.009625143978012729
2613.58,8.29,2615.51,2592.22,2024-07-16,0.003181987417907317
2597.56,-16.03,2602.79,2577.74,2024-07-17,-0.006129523488854316
2597.79,0.23,2616.73,2584.51,2024-07-18,8.854463419516456e-05
2570.63,-27.16,2594.32,2570.63,2024-07-19,-0.010455040630689916
2593.43,22.8,2609.13,2577.63,2024-07-22,0.008869421114668263
2596.43,3.0,2610.35,2582.68,2024-07-23,0.0011567692206846392
2570.97,-25.46,2581.9,2564.7,2024-07-24,-0.009805771771239757
2562.37,-8.6,2562.87,2527.78,2024-07-25,-0.003345040976751923
2578.75,16.38,2582.19,2553.24,2024-07-26,0.0063925194253757756
2580.0,1.25,2603.14,2580.0,2024-07-29,0.0004847309743092332
2595.25,15.25,2600.25,2585.51,2024-07-30,0.005910852713178372
2609.33,14.08,2622.42,2603.71,2024-07-31,0.005425296214237596
2547.18,-62.15,2599.77,2544.35,2024-08-01,-0.02381837483185345
2467.0,-80.17,2522.28,2460.62,2024-08-02,-0.03147794816228133
2411.26,-55.75,2416.6,2356.65,2024-08-05,-0.022594244021078125
2402.96,-8.3,2439.99,2383.66,2024-08-06,-0.003442183754551631
2442.13,39.18,2452.29,2416.54,2024-08-07,0.016300729100775735
2450.39,8.26,2454.06,2406.12,2024-08-08,0.0033822933259080035
2458.59,8.2,2476.86,2447.58,2024-08-09,0.003346406082297193
2460.9,2.31,2473.94,2454.89,2024-08-12,0.0009395629202102462
2472.96,12.05,2474.51,2453.49,2024-08-13,0.0049006461050835615
2494.19,21.23,2496.54,2484.79,2024-08-14,0.00858485377846785
2522.81,28.63,2529.77,2495.28,2024-08-15,0.01147466712640166
2533.09,10.28,2539.83,2524.67,2024-08-16,0.004074821330183553
2540.83,7.73,2542.27,2533.45,2024-08-19,0.0030555566521519584
2527.29,-13.53,2546.89,2525.17,2024-08-20,-0.005328967305959109
2523.94,-3.35,2538.94,2514.89,2024-08-21,-0.0013255305089641123
2541.1,17.16,2550.48,2525.32,2024-08-22,0.006798893793037886
2559.27,18.17,2567.29,2536.81,2024-08-23,0.00715044665695963
2567.12,7.85,2572.98,2554.71,2024-08-26,0.003067280904320402
2556.75,-10.38,2573.52,2553.02,2024-08-27,-0.004039546261958904
2562.54,5.79,2572.84,2551.79,2024-08-28,0.0022645937224992085
2587.9,25.36,2591.54,2564.23,2024-08-29,0.009896430884981378
2595.96,8.06,2601.14,2585.62,2024-08-30,0.003114494377680632
2589.98,-5.98,2595.46,2578.77,2024-09-02,-0.002303579408003187
2565.78,-24.2,2598.92,2562.19,2024-09-03,-0.009343701495764356
2531.72,-34.06,2544.27,2521.95,2024-09-04,-0.013274715681001692
2509.3,-22.42,2532.05,2505.43,2024-09-05,-0.008855639644194335
2480.99,-28.31,2516.08,2478.33,2024-09-06,-0.011282030845255808
2511.44,30.45,2517.43,2495.69,2024-09-09,0.012273326373746007
2495.76,-15.68,2521.74,2489.79,2024-09-10,-0.006243430064026945
2489.95,-5.81,2515.34,2482.0,2024-09-11,-0.0023279482001475893
2510.54,20.58,2537.73,2499.88,2024-09-12,0.008269242354264295
2525.18,14.64,2528.71,2513.08,2024-09-13,0.005831414755391284
2529.75,4.56,2534.58,2514.69,2024-09-16,0.00180977197665122
2555.9,26.16,2561.46,2537.84,2024-09-17,0.010336989821128517
2544.25,-11.65,2555.21,2536.5,2024-09-18,-0.004558081302085459
2592.91,48.67,2600.75,2565.71,2024-09-19,0.019125479021322445
2579.15,-13.76,2595.6,2574.02,2024-09-20,-0.0053067788700725815
2583.85,4.69,2591.99,2563.66,2024-09-23,0.0018223057984219082
2590.01,6.16,2608.84,2577.55,2024-09-24,0.002384039321168041
2610.91,20.9,2615.04,2582.87,2024-09-25,0.008069466913255052
2642.43,31.52,2649.92,2625.17,2024-09-26,0.012072419194840034
2639.45,-2.98,2647.92,2632.41,2024-09-27,-0.0011277498363249094
2626.44,-13.01,2649.49,2620.14,2024-09-30,-0.004929057189944741
2611.34,-15.09,2641.22,2603.65,2024-10-01,-0.005749227090662612
2620.66,9.31,2623.3,2606.13,2024-10-02,0.0035690488408248733
2594.5,-26.16,2619.72,2588.82,2024-10-03,-0.00998221821983769
2603.79,9.3,2616.31,2588.63,2024-10-04,0.0035806513779148563
2602.66,-1.14,2611.55,2586.98,2024-10-07,-0.00043398277126804885
2587.89,-14.77,2598.06,2574.93,2024-10-08,-0.005674963306770753
2594.91,7.02,2598.95,2577.36,2024-10-09,0.0027126346173909077
2573.91,-21.0,2597.16,2562.27,2024-10-10,-0.008092766223105952
2588.72,14.8,2591.66,2566.31,2024-10-11,0.005753891938723665
2598.25,9.53,2598.25,2579.01,2024-10-14,0.0036813560369604037
2577.07,-21.18,2619.57,2577.07,2024-10-15,-0.008151640527277904
2580.09,3.03,2585.5,2558.86,2024-10-16,0.001171873484228314
2585.81,5.72,2598.52,2583.3,2024-10-17,0.002216976927161385
2594.3,8.49,2599.95,2572.48,2024-10-18,0.0032833038777018153
2576.2,-18.1,2602.51,2571.94,2024-10-21,-0.0069768338280077336
2571.51,-4.69,2580.99,2550.27,2024-10-22,-0.0018205108299043093
2581.33,9.81,2588.52,2565.16,2024-10-23,0.003818767961236702
2578.09,-3.24,2600.13,2576.57,2024-10-24,-0.0012551669100812068
2592.28,14.2,2601.57,2574.8,2024-10-25,0.005504074721984109
2624.09,31.8,2627.7,2595.83,2024-10-28,0.012271050966716546
2610.77,-13.32,2639.52,2610.77,2024-10-29,-0.0050760454100279295
2578.38,-32.38,2608.27,2571.21,2024-10-30,-0.01240630158918632
2542.41,-35.97,2562.6,2535.33,2024-10-31,-0.013950620156842786
2557.22,14.81,2564.75,2546.14,2024-11-01,0.0058251816190149075
2571.98,14.76,2582.0,2564.42,2024-11-04,0.005771892914962384
2574.13,2.14,2576.7,2555.8,2024-11-05,0.0008359318501698354
2553.13,-20.99,2626.57,2552.95,2024-11-06,-0.008158096133450865
2584.72,31.59,2593.98,2558.65,2024-11-07,0.012373047984238772
2558.74,-25.98,2584.14,2546.84,2024-11-08,-0.010051378872759975
2576.43,17.68,2584.28,2571.95,2024-11-11,0.006913559017328819
2514.23,-62.19,2558.6,2508.64,2024-11-12,-0.024141932829535362
2512.56,-1.67,2520.59,2493.72,2024-11-13,-0.0006642192639496614
2531.39,18.83,2535.77,2507.08,2024-11-14,0.007494348393670247
2509.99,-21.4,2530.64,2506.38,2024-11-15,-0.0084538534165024
2506.91,-3.07,2518.88,2489.89,2024-11-18,-0.001227096522296911
2493.48,-13.44,2518.15,2462.17,2024-11-19,-0.005357192719323778
2484.49,-8.99,2513.74,2483.49,2024-11-20,-0.0036054028907391844
2496.31,11.82,2498.49,2464.13,2024-11-21,0.004757515626949704
2514.1,17.79,2520.03,2486.33,2024-11-22,0.007126518741662702
2512.45,-1.65,2531.45,2505.55,2024-11-25,-0.0006562984765920987
2495.8,-16.65,2505.21,2487.64,2024-11-26,-0.006626997552189984
2497.68,1.88,2501.68,2483.93,2024-11-27,0.0007532654860162857
2508.92,11.25,2522.87,2505.76,2024-11-28,0.004500176163479752
2513.85,4.92,2516.41,2495.09,2024-11-29,0.0019649889195350045
2548.13,34.29,2563.09,2500.86,2024-12-02,0.013636454044593016
2573.7,25.56,2582.68,2554.63,2024-12-03,0.01003480984094196
2594.38,20.68,2601.22,2582.57,2024-12-04,0.008035124528888549
2606.08,11.7,2607.17,2592.69,2024-12-05,0.004509747993740154
2614.27,8.18,2617.66,2600.84,2024-12-06,0.003142651031434296
2617.8,3.53,2633.57,2613.07,2024-12-09,0.00135028134048909
2595.49,-22.31,2614.07,2595.49,2024-12-10,-0.00852242340896947
2588.44,-7.05,2599.41,2584.32,2024-12-11,-0.002716250110768925
2573.98,-14.46,2600.16,2569.56,2024-12-12,-0.005586376350234179
2556.34,-17.63,2580.27,2551.83,2024-12-13,-0.006853200102564849
2544.6,-11.74,2556.74,2539.11,2024-12-16,-0.004592503344625576
2533.07,-11.53,2545.27,2529.58,2024-12-17,-0.004531164033639734
2537.63,4.56,2549.73,2530.17,2024-12-18,0.001800187124714192
2481.1,-56.53,2512.05,2474.27,2024-12-19,-0.022276691243404367
2474.65,-6.45,2475.94,2435.66,2024-12-20,-0.0025996533795493715
2469.87,-4.78,2476.91,2457.27,2024-12-23,-0.0019315862849292875
2490.19,20.32,2493.81,2471.08,2024-12-27,0.008227153655860464
2483.12,-7.06,2495.05,2468.59,2024-12-30,-0.002839140788453931
2508.83,25.71,2509.71,2482.44,2025-01-02,0.010353909597603073
2511.42,2.59,2518.57,2503.83,2025-01-03,0.0010323537266376803
2543.15,31.74,2559.92,2529.63,2025-01-07,0.012634286578907528
2541.29,-1.86,2558.22,2526.44,2025-01-08,-0.0007313764426007952
2549.58,8.29,2553.9,2529.03,2025-01-09,0.0032621227801628017
2523.73,-25.85,2552.33,2520.43,2025-01-10,-0.0101389248425231
2514.81,-8.91,2521.25,2494.26,2025-01-13,-0.003534450991191651
2521.22,6.41,2538.0,2517.41,2025-01-14,0.002548900314536695
2570.83,49.61,2575.89,2525.33,2025-01-15,0.01967698177866284
2585.86,15.03,2592.49,2575.36,2025-01-16,0.005846360902899139
2617.41,31.55,2625.36,2589.9,2025-01-17,0.012200969890094449
2616.68,-0.72,2630.33,2610.2,2025-01-20,-0.0002789016623303553
2638.42,21.73,2639.22,2616.62,2025-01-21,0.008308237919806949
2647.99,9.57,2663.82,2640.5,2025-01-22,0.003627170806770552
2672.65,24.66,2672.65,2641.32,2025-01-23,0.00931272399064964
2669.73,-2.92,2690.03,2662.28,2025-01-24,-0.0010925485940920243
2646.92,-22.81,2653.6,2627.61,2025-01-27,-0.008543935154491256
2635.63,-11.29,2676.32,2635.43,2025-01-28,-0.004265334804225307
2657.33,21.7,2664.04,2638.41,2025-01-29,0.00823332561854273
2662.31,4.98,2666.58,2646.35,2025-01-30,0.00187406155803016
2670.54,8.22,2684.01,2667.95,2025-01-31,0.0030913004120480814
2632.64,-37.9,2637.4,2608.06,2025-02-03,-0.014191886285170874
2638.46,5.83,2639.44,2604.23,2025-02-04,0.0022107086422755717
2629.11,-9.36,2631.54,2614.83,2025-02-05,-0.0035437338447427136
2665.74,36.64,2669.99,2635.91,2025-02-06,0.013932471444709327
2639.75,-25.99,2664.48,2637.26,2025-02-07,-0.009749637999204697
2658.29,18.53,2662.16,2644.91,2025-02-10,0.007023392366701353
2666.87,8.58,2667.46,2648.39,2025-02-11,0.003227638820444634
2678.97,12.1,2687.5,2664.68,2025-02-12,0.004537154042004277
2724.25,45.28,2725.74,2694.53,2025-02-13,0.016902018313008416
2716.99,-7.26,2729.13,2714.22,2025-02-14,-0.0026649536569698373
2743.26,26.27,2743.26,2715.87,2025-02-17,0.00966878788659531
2757.28,14.01,2759.48,2735.25,2025-02-18,0.00511070769814026
2710.23,-47.04,2757.01,2707.5,2025-02-19,-0.017063918064179284
2725.09,14.86,2734.66,2711.58,2025-02-20,0.005482929493068944
2724.26,-0.83,2745.02,2718.88,2025-02-21,-0.000304577096536196
2713.62,-10.64,2731.87,2699.58,2025-02-24,-0.003905647772239229
2724.73,11.11,2733.71,2696.5,2025-02-25,0.004094162041848204
2762.5,37.78,2764.33,2739.43,2025-02-26,0.013861923933747633
2741.95,-20.55,2761.39,2726.92,2025-02-27,-0.007438914027149357
2724.7,-17.25,2736.06,2716.13,2025-02-28,-0.0062911431645361615
2744.74,20.05,2766.94,2722.83,2025-03-03,0.007354938158329327
2656.24,-88.5,2721.36,2656.0,2025-03-04,-0.03224349118677905
2723.99,67.75,2731.89,2693.66,2025-03-05,0.025505978375448102
2733.02,9.03,2743.03,2688.97,2025-03-06,0.003314990143135743
2729.21,-3.81,2734.49,2692.6,2025-03-07,-0.0013940622461598995
2710.52,-18.69,2735.26,2703.41,2025-03-10,-0.006848135541054012
2652.67,-57.85,2721.05,2646.31,2025-03-11,-0.021342768177323834
2656.41,3.73,2681.87,2637.91,2025-03-12,0.001409900213746873
2647.84,-8.56,2666.85,2624.35,2025-03-13,-0.003226158612563479
2682.38,34.54,2683.83,2643.8,2025-03-14,0.013044594839567436
2685.19,2.81,2692.04,2673.31,2025-03-17,0.0010475771516340604
2685.5,0.31,2705.06,2673.4,2025-03-18,0.00011544806885166459
2677.94,-7.56,2685.7,2665.81,2025-03-19,-0.002815118227518121
2668.76,-9.17,2690.09,2648.67,2025-03-20,-0.003428008095775037
2629.36,-39.4,2657.35,2620.84,2025-03-21,-0.014763410722582804
2630.76,1.4,2646.87,2620.0,2025-03-24,0.0005324489609639382
2641.38,10.61,2642.23,2614.31,2025-03-25,0.004036856269671096
2604.03,-37.35,2646.53,2600.99,2025-03-26,-0.014140335733593745
2572.81,-31.23,2583.79,2552.06,2025-03-27,-0.011989109188450309
2542.67,-30.13,2563.98,2531.16,2025-03-28,-0.011714817650739784
2494.06,-48.62,2518.54,2487.52,2025-03-31,-0.019117699111563913
2509.78,15.72,2516.74,2490.57,2025-04-01,0.006302975870668748
2478.69,-31.08,2497.75,2440.26,2025-04-02,-0.0123875399437402
2385.16,-93.53,2429.53,2376.42,2025-04-03,-0.03773364156066317
2287.24,-97.92,2379.47,2252.28,2025-04-04,-0.04105384963692171
2179.39,-107.85,2296.14,2097.58,2025-04-07,-0.047152900438956924
2237.25,57.86,2265.11,2199.7,2025-04-08,0.026548713172034333
2175.77,-61.49,2198.61,2136.64,2025-04-09,-0.027480165381606914
2280.57,104.81,2370.16,2187.22,2025-04-10,0.04816685587171454
2277.6,-2.98,2287.8,2219.76,2025-04-11,-0.0013023060024468514
2338.7,61.1,2345.5,2306.92,2025-04-14,0.026826484018264818
2390.69,51.98,2391.09,2339.78,2025-04-15,0.022230298883995525
2372.59,-18.09,2373.41,2349.31,2025-04-16,-0.007571035977060991
2355.58,-17.02,2374.82,2346.64,2025-04-17,-0.007169380297480932
2364.19,8.61,2365.46,2335.6,2025-04-22,0.003655150748435698
2392.34,28.15,2421.63,2386.37,2025-04-23,0.011906826439499474
2398.84,6.51,2400.35,2373.74,2025-04-24,0.0027170051079696833
2426.97,28.13,2436.08,2410.32,2025-04-25,0.011726501142218515
2428.05,1.08,2442.8,2424.75,2025-04-28,0.0004449993201400826
2411.77,-16.27,2436.3,2404.96,2025-04-29,-0.006704969008051842
2434.06,22.28,2434.06,2397.66,2025-04-30,0.009242174834250383
2462.54,28.48,2471.7,2440.47,2025-05-02,0.011700615432651551
2464.74,2.2,2467.33,2450.96,2025-05-05,0.0008933865033664556
2428.94,-35.81,2463.4,2417.34,2025-05-06,-0.014524858605775792
2431.64,2.71,2438.29,2420.47,2025-05-07,0.001111596004841564
2449.2,17.56,2462.2,2435.75,2025-05-08,0.007221463703508624
2448.97,-0.23,2466.23,2438.02,2025-05-09,-9.39082149273851e-05
2525.24,76.28,2532.18,2470.8,2025-05-12,0.031143705312845826
2528.72,3.47,2535.79,2513.94,2025-05-13,0.001378086835310821
2517.96,-10.76,2531.25,2512.61,2025-05-14,-0.004255117213451731
2542.32,24.36,2543.53,2507.06,2025-05-15,0.009674498403469567
2544.04,1.72,2564.68,2535.43,2025-05-16,0.0006765474055192566
2548.89,4.85,2549.65,2524.89,2025-05-19,0.0019064165657771692
2563.06,14.17,2568.68,2541.39,2025-05-20,0.005559282668141874
2547.84,-15.22,2550.97,2522.06,2025-05-21,-0.005938214478006687
2501.57,-46.28,2535.02,2490.52,2025-05-22,-0.018160481034915854
2479.56,-22.0,2524.83,2444.58,2025-05-23,-0.008798474557977665
2510.87,31.3,2519.26,2501.63,2025-05-26,0.01262724031683038
2517.79,6.92,2528.4,2508.54,2025-05-27,0.0027560168387850137
2510.16,-7.63,2520.33,2502.53,2025-05-28,-0.003030435421540356
2496.04,-14.12,2512.75,2484.33,2025-05-30,-0.005625139433342863
2481.28,-14.76,2495.88,2466.57,2025-06-02,-0.005913366772968276
2487.71,6.43,2490.43,2470.35,2025-06-03,0.0025914044364199196
2510.47,22.76,2515.87,2494.35,2025-06-04,0.00914897636782408
2521.51,11.04,2527.83,2506.08,2025-06-05,0.004397582922719856
2512.85,-8.65,2531.42,2509.35,2025-06-09,-0.0034344499922666083
2512.2,-0.65,2517.01,2502.73,2025-06-10,-0.00025867043396943235
2499.44,-12.76,2521.7,2499.01,2025-06-11,-0.005079213438420438
2481.49,-17.95,2488.72,2466.01,2025-06-12,-0.007181608680344453
2459.61,-21.88,2463.49,2446.41,2025-06-13,-0.008817283164550216
2485.32,25.71,2492.25,2463.32,2025-06-16,0.010452876675570488
2461.4,-23.92,2476.47,2457.4,2025-06-17,-0.009624515152978352
2458.59,-2.81,2468.08,2450.28,2025-06-18,-0.0011416267165027527
2447.13,-11.45,2460.98,2445.13,2025-06-19,-0.004661208253511129
2424.04,-23.1,2450.42,2412.79,2025-06-23,-0.009435542860412038
2452.44,28.4,2486.47,2449.5,2025-06-24,0.01171597828418669
2444.3,-8.14,2471.6,2442.42,2025-06-25,-0.0033191433837320705
2450.74,6.45,2453.23,2431.62,2025-06-26,0.0026347011414309396
2506.17,55.42,2506.17,2471.81,2025-06-27,0.022617658339930014
2493.49,-12.67,2517.16,2482.23,2025-06-30,-0.0050595131216160105
2491.02,-2.48,2500.84,2465.18,2025-07-01,-0.0009905794689369918
2522.35,31.33,2525.39,2497.02,2025-07-02,0.012577177220576274
2529.5,7.14,2540.72,2526.37,2025-07-03,0.002834658156084746
2512.53,-16.97,2522.01,2503.32,2025-07-04,-0.006708835738288066
2514.44,1.91,2517.12,2501.03,2025-07-07,0.000760189928080468
2522.33,7.89,2522.33,2498.96,2025-07-08,0.003137875630359055
2536.43,14.1,2546.02,2515.63,2025-07-09,0.005590069499232797
2580.29,43.86,2581.37,2544.41,2025-07-10,0.017292020674728015
2545.04,-35.24,2571.34,2543.2,2025-07-11,-0.013661255130237304
2532.28,-12.76,2535.85,2521.31,2025-07-14,-0.005013673655423823
2532.42,0.14,2553.2,2530.97,2025-07-15,5.52861452920439e-05
2512.32,-20.1,2536.86,2508.54,2025-07-16,-0.007937072049659988
2555.63,43.32,2564.81,2533.28,2025-07-17,0.017239045981403578
2546.7,-8.93,2590.49,2541.33,2025-07-18,-0.003494246037180737
2551.66,4.96,2558.46,2543.98,2025-07-21,0.0019476184866691337
2537.35,-14.32,2549.59,2532.42,2025-07-22,-0.005608113933674552
2592.55,55.2,2594.7,2564.82,2025-07-23,0.021754980589985706
2600.22,7.67,2621.79,2597.36,2025-07-24,0.0029584771749819883
2606.32,6.1,2606.32,2584.97,2025-07-25,0.002345955342240469
2589.49,-16.82,2641.98,2581.7,2025-07-28,-0.006457380521194822
2602.92,13.43,2623.95,2594.07,2025-07-29,0.005186349435603255
2605.96,3.04,2621.07,2590.99,2025-07-30,0.001167919106234594
2580.05,-25.91,2615.97,2579.16,2025-07-31,-0.0099425931326651
2533.59,-46.46,2555.48,2519.53,2025-08-01,-0.018007402957307073
2552.67,19.08,2553.32,2539.19,2025-08-04,0.007530815956804382
2562.75,10.08,2573.27,2555.0,2025-08-05,0.003948806543736527
2566.53,3.78,2586.07,2561.15,2025-08-06,0.0014749780509220045
2593.76,27.23,2602.46,2569.52,2025-08-07,0.010609655838817345
2602.98,9.22,2608.2,2594.13,2025-08-08,0.003554685090370713
2590.76,-12.22,2611.59,2589.78,2025-08-11,-0.004694619244097087
2609.15,18.39,2610.7,2596.54,2025-08-12,0.007098303200605116
2612.89,3.73,2617.05,2606.04,2025-08-13,0.0014334170132035418
2632.92,20.04,2638.21,2613.57,2025-08-14,0.00766584127154224
2640.7,7.78,2652.39,2638.26,2025-08-15,0.002954894185922763
2625.74,-14.95,2646.24,2620.37,2025-08-18,-0.005665164539705447
2659.86,34.12,2663.7,2626.7,2025-08-19,0.012994432045823512
2655.24,-4.63,2661.98,2642.59,2025-08-20,-0.001736933522817119
2646.58,-8.65,2654.93,2640.1,2025-08-21,-0.0032614754221840236
2689.35,42.76,2690.79,2641.68,2025-08-22,0.016160478806610756
2668.5,-20.85,2686.91,2666.72,2025-08-25,-0.007752802721847307
2656.85,-11.65,2670.48,2652.11,2025-08-26,-0.004365748547873416
2645.63,-11.22,2661.69,2635.95,2025-08-27,-0.004223046088412841
2643.74,-1.9,2660.15,2637.02,2025-08-28,-0.0007143856094768974
2625.7,-18.03,2639.88,2620.78,2025-08-29,-0.006823666472497325
2630.38,4.68,2641.62,2625.54,2025-09-01,0.001782381841032965
2577.63,-52.75,2633.12,2576.8,2025-09-02,-0.02005413666466438
2597.2,19.57,2607.77,2579.79,2025-09-03,0.0075922455899410934
2607.54,10.33,2612.96,2596.63,2025-09-04,0.003981210534421686
2626.65,19.11,2640.21,2618.45,2025-09-05,0.007328746634759353
2640.24,13.6,2641.83,2624.18,2025-09-08,0.005173890697275807
2632.93,-7.31,2654.66,2625.27,2025-09-09,-0.002768687695058003
2629.15,-3.77,2648.88,2627.19,2025-09-10,-0.001435662930651338
2635.91,6.76,2643.66,2617.1,2025-09-11,0.0025711731928568238
2635.33,-0.58,2645.59,2630.05,2025-09-12,-0.00022003786168722783
2637.44,2.11,2655.82,2630.5,2025-09-15,0.0008006587410305244
2614.2,-23.24,2649.45,2612.55,2025-09-16,-0.008811574860470794
2616.04,1.84,2629.39,2615.42,2025-09-17,0.000703848213602587
2634.84,18.81,2645.6,2628.45,2025-09-18,0.007186434458188673
2646.4,11.56,2657.3,2629.8,2025-09-19,0.0043873631795479096
2647.62,1.22,2651.89,2637.29,2025-09-22,0.0004610036275694007
2671.13,23.51,2678.34,2649.03,2025-09-23,0.008879673064865923
2645.36,-25.77,2664.9,2642.33,2025-09-24,-0.009647602325607463
2623.51,-21.85,2645.39,2618.35,2025-09-25,-0.008259745365470028
2644.62,21.11,2651.0,2626.09,2025-09-26,0.008046472092730683
2652.03,7.41,2662.42,2643.97,2025-09-29,0.002801914830864227
2662.8,10.77,2662.93,2640.82,2025-09-30,0.0040610400334837315
2677.09,14.29,2679.54,2650.52,2025-10-01,0.005366531470632374
2708.59,31.5,2715.93,2696.14,2025-10-02,0.011766507663171666
2728.97,20.37,2729.53,2717.78,2025-10-03,0.0075242100133279255
2741.29,12.33,2751.86,2720.82,2025-10-06,0.004514523794691749
2722.12,-19.18,2740.83,2721.13,2025-10-07,-0.006993058012833453
2733.49,11.38,2741.39,2722.13,2025-10-08,0.004176891540417005
2730.06,-3.44,2749.79,2728.24,2025-10-09,-0.001254806126965824
2707.5,-22.56,2747.71,2707.5,2025-10-10,-0.008263554647150562
2709.03,1.53,2723.0,2697.19,2025-10-13,0.0005650969529087391
2721.2,12.17,2721.2,2682.23,2025-10-14,0.004492382882433699
2738.14,16.94,2745.66,2729.32,2025-10-15,0.0062251947670146635
2741.83,3.69,2746.3,2727.63,2025-10-16,0.0013476301430899174
2701.4,-40.43,2718.79,2682.4,2025-10-17,-0.014745626096439146
2736.17,34.77,2738.82,2703.82,2025-10-20,0.012871103872066358
2754.25,18.08,2754.34,2730.28,2025-10-21,0.006607776563590795
2745.54,-8.71,2755.63,2741.7,2025-10-22,-0.0031623854043750788
2757.1,11.56,2758.98,2742.19,2025-10-23,0.0042104649722822796
2786.89,29.8,2788.81,2762.85,2025-10-24,0.010804831163178763
2797.73,10.84,2802.27,2787.46,2025-10-27,0.0038896404235546633
2789.52,-8.21,2791.53,2778.94,2025-10-28,-0.002934521915981869
2777.91,-11.61,2788.71,2774.44,2025-10-29,-0.004162006366686732
2782.77,4.86,2784.98,2771.89,2025-10-30,0.001749516723003941
2767.07,-15.7,2779.79,2763.97,2025-10-31,-0.005641860448402092
2755.44,-11.63,2776.0,2753.66,2025-11-03,-0.0042030017310730194
2741.08,-14.36,2750.9,2710.6,2025-11-04,-0.0052115088697268774
2751.4,10.32,2758.98,2721.48,2025-11-05,0.003764939366964981
2744.3,-7.1,2757.81,2739.95,2025-11-06,-0.002580504470451328
2733.11,-11.2,2756.65,2717.7,2025-11-07,-0.004077542542724966
2759.94,26.83,2770.3,2754.91,2025-11-10,0.009816655751140546
2790.98,31.04,2793.19,2761.96,2025-11-11,0.011246621303361737
2806.05,15.07,2815.3,2791.81,2025-11-12,0.005399537080165384
2780.58,-25.47,2818.16,2780.58,2025-11-13,-0.009076816165071944
2757.12,-23.46,2761.92,2725.7,2025-11-14,-0.00843708866495485
2736.13,-20.99,2762.98,2734.61,2025-11-17,-0.007613016480965573
2673.73,-62.4,2705.36,2665.42,2025-11-18,-0.022805933928577993
2685.84,12.11,2701.02,2668.04,2025-11-19,0.004529253140743483
2701.95,16.11,2720.45,2701.95,2025-11-20,0.005998123492091834
2699.35,-2.6,2704.09,2655.36,2025-11-21,-0.0009622679916356791
2725.35,26.0,2734.79,2712.64,2025-11-24,0.009631948432029969
2758.16,32.81,2764.25,2722.29,2025-11-25,0.012038820701928188
2779.44,21.28,2786.15,2763.25,2025-11-26,0.007715288453171709
2789.44,10.0,2795.38,2780.33,2025-11-27,0.0035978470483262193
2787.77,-1.67,2794.49,2782.23,2025-11-28,-0.0005986864747046239
2784.53,-3.24,2786.6,2766.18,2025-12-01,-0.0011622192648603757
2783.53,-1.0,2790.44,2774.18,2025-12-02,-0.0003591270340057573
2779.82,-3.7,2792.88,2774.47,2025-12-03,-0.0013328399550212033
2813.61,33.78,2819.05,2792.36,2025-12-04,0.012155463303379355
2826.62,13.02,2837.55,2818.76,2025-12-05,0.004623952857716551
2823.91,-2.71,2830.94,2817.52,2025-12-08,-0.0009587422433861015
2808.73,-15.18,2832.48,2804.29,2025-12-09,-0.005375525423968797
2810.59,1.86,2813.53,2796.03,2025-12-10,0.0006622210037989795
2829.04,18.45,2837.56,2800.45,2025-12-11,0.006564457996363737
2821.01,-8.03,2853.37,2818.9,2025-12-12,-0.002838418686197386
2832.71,11.7,2842.05,2825.79,2025-12-15,0.004147450735729308
2812.83,-19.88,2828.68,2807.8,2025-12-16,-0.007018014551436691
2794.95,-17.89,2821.88,2791.16,2025-12-17,-0.006356587493734134
2827.91,32.96,2829.04,2787.31,2025-12-18,0.011792697543784314
2841.27,13.36,2844.3,2826.82,2025-12-19,0.004724337054573979
2845.06,3.79,2848.66,2828.11,2025-12-22,0.0013339105400049789
2849.09,4.03,2856.27,2843.55,2025-12-23,0.00141649033763791
2863.64,14.55,2867.17,2849.62,2025-12-29,0.005106893780119082
2882.97,19.33,2893.86,2857.74,2025-12-30,0.006750150158539414
2881.19,-1.78,2899.06,2871.62,2026-01-02,-0.0006174188423743177
2901.78,20.59,2910.86,2882.86,2026-01-05,0.007146352722312788
2963.31,61.52,2968.35,2925.43,2026-01-07,0.021204226371399626
2937.94,-25.37,2958.35,2933.37,2026-01-08,-0.008561372249275223
2974.6,36.66,2975.69,2939.93,2026-01-09,0.012478130935281051
2984.21,9.61,2992.72,2968.74,2026-01-12,0.003230686478854272
2983.9,-0.31,2989.96,2966.3,2026-01-13,-0.00010388008886774713
2983.91,0.01,3001.9,2973.83,2026-01-14,3.3513187438494185e-06
3036.64,52.73,3038.74,3006.27,2026-01-15,0.017671444514077095
3039.09,2.45,3039.23,3020.4,2026-01-16,0.0008068127930871416
2984.58,-54.51,3001.17,2973.82,2026-01-19,-0.017936290139482614
2976.37,-8.21,2976.37,2940.48,2026-01-20,-0.002750805808522494
2988.02,11.65,2988.03,2947.96,2026-01-21,0.00391416389763366
3003.06,15.04,3028.38,3002.6,2026-01-22,0.005033433511154595
3013.63,10.57,3013.63,2993.45,2026-01-23,0.003519743195274261
3024.15,10.52,3032.1,3002.34,2026-01-26,0.003490806767917798
3043.95,19.79,3044.59,3023.02,2026-01-27,0.006547294281037619
3027.47,-16.48,3058.87,3023.85,2026-01-28,-0.005414017970071794
3031.39,3.93,3068.55,3026.02,2026-01-29,0.0012948105183536729
3026.57,-4.82,3041.46,3019.58,2026-01-30,-0.0015900296563621241
3066.86,40.29,3073.27,2990.98,2026-02-02,0.013312099174973557
3087.35,20.49,3100.66,3066.04,2026-02-03,0.0066811005393137
3117.93,30.58,3144.1,3088.89,2026-02-04,0.009904934652695596
3089.67,-28.26,3121.09,3071.83,2026-02-05,-0.009063705727838545
3120.45,30.78,3126.35,3075.8,2026-02-06,0.009962228975910037
3136.56,16.11,3139.58,3112.64,2026-02-09,0.0051627169158294794
3136.54,-0.01,3153.08,3134.95,2026-02-10,-6.376412375330709e-06
3145.48,8.93,3168.91,3123.33,2026-02-11,0.002850274506303041
3123.65,-21.83,3163.12,3123.17,2026-02-12,-0.006940117247606015
3119.76,-3.89,3124.05,3095.6,2026-02-13,-0.0012453379860098979
3121.8,2.05,3136.4,3119.87,2026-02-16,0.0006538964535733882
3130.12,8.32,3132.75,3098.92,2026-02-17,0.0026651290921904103
3166.11,35.99,3171.48,3135.19,2026-02-18,0.01149796173948614
3157.96,-8.15,3164.24,3148.69,2026-02-19,-0.0025741367166649542
3180.46,22.49,3191.47,3154.37,2026-02-20,0.007124852753043198
3166.65,-13.81,3184.19,3161.98,2026-02-23,-0.004342139187413108
3190.87,24.22,3200.32,3163.95,2026-02-24,0.007648461307691035
3195.57,4.7,3215.53,3194.7,2026-02-25,0.0014729525176520042
3205.28,9.71,3225.96,3196.98,2026-02-26,0.003038581536314311
3222.75,17.48,3230.07,3207.32,2026-02-27,0.0054503818699145334
3168.39,-54.37,3183.38,3146.97,2026-03-02,-0.016867582033977202
3082.97,-85.42,3125.3,3053.87,2026-03-03,-0.026960064891001445
3118.01,35.05,3137.63,3080.34,2026-03-04,0.01136566362955227
3077.21,-40.8,3139.32,3076.41,2026-03-05,-0.013085269129989974
3038.55,-38.66,3101.92,3011.16,2026-03-06,-0.01256332846962016
2992.86,-45.69,3001.71,2942.84,2026-03-09,-0.01503677741027798
3082.61,89.75,3099.44,3060.49,2026-03-10,0.029988038197577005
3058.96,-23.66,3075.02,3036.06,2026-03-11,-0.007672070096444328
3063.09,4.13,3083.42,3037.01,2026-03-12,0.0013501320710307407
3018.72,-44.37,3075.57,3016.32,2026-03-13,-0.014485372613929237
3027.73,9.01,3043.24,3001.81,2026-03-16,0.0029847087507288705
3023.59,-4.14,3048.38,3014.94,2026-03-17,-0.001367361026247349
3015.27,-8.32,3064.95,3000.67,2026-03-18,-0.0027516958317761464
2908.97,-106.31,2967.9,2903.95,2026-03-19,-0.03525389102800092
2864.69,-44.27,2942.41,2863.79,2026-03-20,-0.015221882659497976
2892.19,27.49,2940.03,2783.9,2026-03-23,0.009599642544219522
2908.35,16.17,2908.35,2856.61,2026-03-24,0.005587461404679361
2943.35,35.0,2948.3,2918.29,2026-03-25,0.012034314989598949
2889.81,-53.54,2918.09,2882.92,2026-03-26,-0.018190157473626956
2863.92,-25.89,2889.26,2845.2,2026-03-27,-0.00895906651302325
2890.29,26.37,2902.29,2844.76,2026-03-30,0.009207659431827775
2929.33,39.04,2941.5,2891.16,2026-03-31,0.013507295115714912
3006.37,77.04,3013.67,2979.27,2026-04-01,0.026299529243888564
2965.69,-40.68,2973.5,2945.76,2026-04-02,-0.013531268606325808
2967.92,2.23,3014.17,2955.18,2026-04-07,0.0007519329397205343
3094.16,126.24,3103.39,3073.97,2026-04-08,0.04253483921399481
3079.31,-14.85,3079.31,3050.62,2026-04-09,-0.004799363963078784
3109.9,30.59,3127.49,3082.02,2026-04-10,0.009934043665626335
3102.73,-7.17,3103.63,3069.15,2026-04-13,-0.0023055403710730005
3131.2,28.47,3135.71,3111.74,2026-04-14,0.009175790352367041
3118.41,-12.79,3148.88,3115.02,2026-04-15,-0.004084695963208929
3120.75,2.34,3129.15,3103.84,2026-04-16,0.0007503824064187814
3182.13,61.38,3184.18,3106.91,2026-04-17,0.019668348954578363
3153.12,-29.01,3161.1,3133.73,2026-04-20,-0.009116535150983873
3133.29,-19.83,3172.24,3126.37,2026-04-21,-0.006289008981580135
3128.39,-4.9,3157.14,3124.93,2026-04-22,-0.0015638514149663996
3131.35,2.97,3139.84,3108.01,2026-04-23,0.0009461735908886659
3145.66,-45.06,3160.09,3134.33,2026-06-23,0.004569913934884262
3190.72,12.08,3191.04,3149.14,2026-06-22,0.014324497879618203
3178.64,17.35,3186.05,3159.45,2026-06-18,-0.0037859793400861763
3161.29,19.66,3167.61,3133.74,2026-06-17,-0.005458309214003476
3141.63,7.32,3173.68,3138.36,2026-06-16,-0.006218980226426529
3134.32,20.75,3181.32,3133.94,2026-06-15,-0.002326817607420373
3113.57,49.15,3146.76,3101.3,2026-06-12,-0.006620255749253401
3064.42,10.37,3082.54,3051.48,2026-06-11,-0.015785737914997933
3054.04,-16.18,3089.07,3033.77,2026-06-10,-0.0033872641478648324
3070.22,-36.53,3118.37,3069.96,2026-06-09,0.00529790048591372
3106.76,-9.64,3112.09,3068.44,2026-06-08,0.011901427259284558
3116.4,-18.92,3147.44,3112.03,2026-06-05,0.0031029110713411967
3135.31,0.85,3153.43,3122.33,2026-06-04,0.006067898857656129
3134.46,-15.45,3142.47,3121.84,2026-06-03,-0.00027110556850840073
3149.91,55.42,3156.48,3123.44,2026-06-02,0.0049290786929805375
3094.5,-43.59,3135.78,3083.24,2026-06-01,-0.01759097878987015
3138.09,14.03,3149.37,3115.23,2026-05-29,0.014086282113427107
3124.05,-32.13,3139.05,3108.28,2026-05-28,-0.004474059061403635
3156.18,-6.01,3179.24,3137.23,2026-05-27,0.01028472655687307
3162.19,-30.64,3184.1,3159.3,2026-05-26,0.0019042006476184259
3192.83,46.7,3201.47,3175.39,2026-05-25,0.00968948734895747
3146.13,30.15,3152.84,3128.3,2026-05-22,-0.01462652255209318
3115.98,16.48,3120.58,3087.49,2026-05-21,-0.00958320221987019
3099.5,38.01,3124.57,3048.88,2026-05-20,-0.005288865782193675
3061.49,5.97,3090.77,3051.02,2026-05-19,-0.012263268269075756
3055.52,19.08,3073.52,3008.12,2026-05-18,-0.0019500308673227051
3036.44,-11.67,3079.72,3024.33,2026-05-15,-0.00624443629889504
3048.11,1.4,3070.04,3044.34,2026-05-13,0.003843316515393047
3046.71,-32.74,3071.47,3041.14,2026-05-12,-0.000459301009477997
3079.45,5.77,3082.24,3054.25,2026-05-11,0.010746017835632449
3073.69,-37.63,3096.76,3063.62,2026-05-08,-0.001870463881537221
3111.32,-48.01,3176.57,3111.32,2026-05-07,0.012242613926583434
3159.33,86.91,3169.09,3099.28,2026-05-06,0.015430749649666398
3072.42,36.93,3072.55,3039.92,2026-05-05,-0.02750899716079036
3035.49,-25.0,3084.74,3032.74,2026-05-04,-0.012019841037358314
3060.48,19.95,3066.79,3003.58,2026-04-30,0.00823260824446792
3040.54,-15.47,3062.72,3032.42,2026-04-29,-0.006515317858636571
3056.01,-23.74,3088.76,3033.03,2026-04-28,0.005087912015628859
3079.76,-21.32,3114.09,3078.79,2026-04-27,0.007771571428103918
3101.08,-30.28,3133.15,3086.29,2026-04-24,0.006922617346806215
3146.96,1.3,3155.91,3128.94,2026-06-24,0.014794845666671108
3145.66,-45.06,3160.09,3134.33,2026-06-23,-0.00041309708417014424
3190.72,12.08,3191.04,3149.14,2026-06-22,0.014324497879618203
3178.64,17.35,3186.05,3159.45,2026-06-18,-0.0037859793400861763
3161.29,19.66,3167.61,3133.74,2026-06-17,-0.005458309214003476
3141.63,7.32,3173.68,3138.36,2026-06-16,-0.006218980226426529
3134.32,20.75,3181.32,3133.94,2026-06-15,-0.002326817607420373
3113.57,49.15,3146.76,3101.3,2026-06-12,-0.006620255749253401
3064.42,10.37,3082.54,3051.48,2026-06-11,-0.015785737914997933
3054.04,-16.18,3089.07,3033.77,2026-06-10,-0.0033872641478648324
3070.22,-36.53,3118.37,3069.96,2026-06-09,0.00529790048591372
3106.76,-9.64,3112.09,3068.44,2026-06-08,0.011901427259284558
3116.4,-18.92,3147.44,3112.03,2026-06-05,0.0031029110713411967
3135.31,0.85,3153.43,3122.33,2026-06-04,0.006067898857656129
3134.46,-15.45,3142.47,3121.84,2026-06-03,-0.00027110556850840073
3149.91,55.42,3156.48,3123.44,2026-06-02,0.0049290786929805375
3094.5,-43.59,3135.78,3083.24,2026-06-01,-0.01759097878987015
3138.09,14.03,3149.37,3115.23,2026-05-29,0.014086282113427107
3124.05,-32.13,3139.05,3108.28,2026-05-28,-0.004474059061403635
3156.18,-6.01,3179.24,3137.23,2026-05-27,0.01028472655687307
3162.19,-30.64,3184.1,3159.3,2026-05-26,0.0019042006476184259
3192.83,46.7,3201.47,3175.39,2026-05-25,0.00968948734895747
3146.13,30.15,3152.84,3128.3,2026-05-22,-0.01462652255209318
3115.98,16.48,3120.58,3087.49,2026-05-21,-0.00958320221987019
3099.5,38.01,3124.57,3048.88,2026-05-20,-0.005288865782193675
3061.49,5.97,3090.77,3051.02,2026-05-19,-0.012263268269075756
3055.52,19.08,3073.52,3008.12,2026-05-18,-0.0019500308673227051
3036.44,-11.67,3079.72,3024.33,2026-05-15,-0.00624443629889504
3048.11,1.4,3070.04,3044.34,2026-05-13,0.003843316515393047
3046.71,-32.74,3071.47,3041.14,2026-05-12,-0.000459301009477997
3079.45,5.77,3082.24,3054.25,2026-05-11,0.010746017835632449
3073.69,-37.63,3096.76,3063.62,2026-05-08,-0.001870463881537221
3111.32,-48.01,3176.57,3111.32,2026-05-07,0.012242613926583434
3159.33,86.91,3169.09,3099.28,2026-05-06,0.015430749649666398
3072.42,36.93,3072.55,3039.92,2026-05-05,-0.02750899716079036
3035.49,-25.0,3084.74,3032.74,2026-05-04,-0.012019841037358314
3060.48,19.95,3066.79,3003.58,2026-04-30,0.00823260824446792
3040.54,-15.47,3062.72,3032.42,2026-04-29,-0.006515317858636571
3056.01,-23.74,3088.76,3033.03,2026-04-28,0.005087912015628859
3079.76,-21.32,3114.09,3078.79,2026-04-27,0.007771571428103918
3180.88,33.92,3197.93,3158.92,2026-06-25,0.03283372730342626
3146.96,1.3,3155.91,3128.94,2026-06-24,-0.010663715701315413
3145.66,-45.06,3160.09,3134.33,2026-06-23,-0.00041309708417014424
3190.72,12.08,3191.04,3149.14,2026-06-22,0.014324497879618203
3178.64,17.35,3186.05,3159.45,2026-06-18,-0.0037859793400861763
3161.29,19.66,3167.61,3133.74,2026-06-17,-0.005458309214003476
3141.63,7.32,3173.68,3138.36,2026-06-16,-0.006218980226426529
3134.32,20.75,3181.32,3133.94,2026-06-15,-0.002326817607420373
3113.57,49.15,3146.76,3101.3,2026-06-12,-0.006620255749253401
3064.42,10.37,3082.54,3051.48,2026-06-11,-0.015785737914997933
3054.04,-16.18,3089.07,3033.77,2026-06-10,-0.0033872641478648324
3070.22,-36.53,3118.37,3069.96,2026-06-09,0.00529790048591372
3106.76,-9.64,3112.09,3068.44,2026-06-08,0.011901427259284558
3116.4,-18.92,3147.44,3112.03,2026-06-05,0.0031029110713411967
3135.31,0.85,3153.43,3122.33,2026-06-04,0.006067898857656129
3134.46,-15.45,3142.47,3121.84,2026-06-03,-0.00027110556850840073
3149.91,55.42,3156.48,3123.44,2026-06-02,0.0049290786929805375
3094.5,-43.59,3135.78,3083.24,2026-06-01,-0.01759097878987015
3138.09,14.03,3149.37,3115.23,2026-05-29,0.014086282113427107
3124.05,-32.13,3139.05,3108.28,2026-05-28,-0.004474059061403635
3156.18,-6.01,3179.24,3137.23,2026-05-27,0.01028472655687307
3162.19,-30.64,3184.1,3159.3,2026-05-26,0.0019042006476184259
3192.83,46.7,3201.47,3175.39,2026-05-25,0.00968948734895747
3146.13,30.15,3152.84,3128.3,2026-05-22,-0.01462652255209318
3115.98,16.48,3120.58,3087.49,2026-05-21,-0.00958320221987019
3099.5,38.01,3124.57,3048.88,2026-05-20,-0.005288865782193675
3061.49,5.97,3090.77,3051.02,2026-05-19,-0.012263268269075756
3055.52,19.08,3073.52,3008.12,2026-05-18,-0.0019500308673227051
3036.44,-11.67,3079.72,3024.33,2026-05-15,-0.00624443629889504
3048.11,1.4,3070.04,3044.34,2026-05-13,0.003843316515393047
3046.71,-32.74,3071.47,3041.14,2026-05-12,-0.000459301009477997
3079.45,5.77,3082.24,3054.25,2026-05-11,0.010746017835632449
3073.69,-37.63,3096.76,3063.62,2026-05-08,-0.001870463881537221
3111.32,-48.01,3176.57,3111.32,2026-05-07,0.012242613926583434
3159.33,86.91,3169.09,3099.28,2026-05-06,0.015430749649666398
3072.42,36.93,3072.55,3039.92,2026-05-05,-0.02750899716079036
3035.49,-25.0,3084.74,3032.74,2026-05-04,-0.012019841037358314
3060.48,19.95,3066.79,3003.58,2026-04-30,0.00823260824446792
3040.54,-15.47,3062.72,3032.42,2026-04-29,-0.006515317858636571
3056.01,-23.74,3088.76,3033.03,2026-04-28,0.005087912015628859
3153.55,-27.33,3170.38,3141.69,2026-06-26,0.03191743482514786
3180.88,33.92,3197.93,3158.92,2026-06-25,0.008666423554406943
3146.96,1.3,3155.91,3128.94,2026-06-24,-0.010663715701315413
3145.66,-45.06,3160.09,3134.33,2026-06-23,-0.00041309708417014424
3190.72,12.08,3191.04,3149.14,2026-06-22,0.014324497879618203
3178.64,17.35,3186.05,3159.45,2026-06-18,-0.0037859793400861763
3161.29,19.66,3167.61,3133.74,2026-06-17,-0.005458309214003476
3141.63,7.32,3173.68,3138.36,2026-06-16,-0.006218980226426529
3134.32,20.75,3181.32,3133.94,2026-06-15,-0.002326817607420373
3113.57,49.15,3146.76,3101.3,2026-06-12,-0.006620255749253401
3064.42,10.37,3082.54,3051.48,2026-06-11,-0.015785737914997933
3054.04,-16.18,3089.07,3033.77,2026-06-10,-0.0033872641478648324
3070.22,-36.53,3118.37,3069.96,2026-06-09,0.00529790048591372
3106.76,-9.64,3112.09,3068.44,2026-06-08,0.011901427259284558
3116.4,-18.92,3147.44,3112.03,2026-06-05,0.0031029110713411967
3135.31,0.85,3153.43,3122.33,2026-06-04,0.006067898857656129
3134.46,-15.45,3142.47,3121.84,2026-06-03,-0.00027110556850840073
3149.91,55.42,3156.48,3123.44,2026-06-02,0.0049290786929805375
3094.5,-43.59,3135.78,3083.24,2026-06-01,-0.01759097878987015
3138.09,14.03,3149.37,3115.23,2026-05-29,0.014086282113427107
3124.05,-32.13,3139.05,3108.28,2026-05-28,-0.004474059061403635
3156.18,-6.01,3179.24,3137.23,2026-05-27,0.01028472655687307
3162.19,-30.64,3184.1,3159.3,2026-05-26,0.0019042006476184259
3192.83,46.7,3201.47,3175.39,2026-05-25,0.00968948734895747
3146.13,30.15,3152.84,3128.3,2026-05-22,-0.01462652255209318
3115.98,16.48,3120.58,3087.49,2026-05-21,-0.00958320221987019
3099.5,38.01,3124.57,3048.88,2026-05-20,-0.005288865782193675
3061.49,5.97,3090.77,3051.02,2026-05-19,-0.012263268269075756
3055.52,19.08,3073.52,3008.12,2026-05-18,-0.0019500308673227051
3036.44,-11.67,3079.72,3024.33,2026-05-15,-0.00624443629889504
3048.11,1.4,3070.04,3044.34,2026-05-13,0.003843316515393047
3046.71,-32.74,3071.47,3041.14,2026-05-12,-0.000459301009477997
3079.45,5.77,3082.24,3054.25,2026-05-11,0.010746017835632449
3073.69,-37.63,3096.76,3063.62,2026-05-08,-0.001870463881537221
3111.32,-48.01,3176.57,3111.32,2026-05-07,0.012242613926583434
3159.33,86.91,3169.09,3099.28,2026-05-06,0.015430749649666398
3072.42,36.93,3072.55,3039.92,2026-05-05,-0.02750899716079036
3035.49,-25.0,3084.74,3032.74,2026-05-04,-0.012019841037358314
3060.48,19.95,3066.79,3003.58,2026-04-30,0.00823260824446792
3040.54,-15.47,3062.72,3032.42,2026-04-29,-0.006515317858636571
3166.78,13.23,3171.63,3150.22,2026-06-29,0.04151894071447848
3153.55,-27.33,3170.38,3141.69,2026-06-26,-0.004177745217539552
3180.88,33.92,3197.93,3158.92,2026-06-25,0.008666423554406943
3146.96,1.3,3155.91,3128.94,2026-06-24,-0.010663715701315413
3145.66,-45.06,3160.09,3134.33,2026-06-23,-0.00041309708417014424
3190.72,12.08,3191.04,3149.14,2026-06-22,0.014324497879618203
3178.64,17.35,3186.05,3159.45,2026-06-18,-0.0037859793400861763
3161.29,19.66,3167.61,3133.74,2026-06-17,-0.005458309214003476
3141.63,7.32,3173.68,3138.36,2026-06-16,-0.006218980226426529
3134.32,20.75,3181.32,3133.94,2026-06-15,-0.002326817607420373
3113.57,49.15,3146.76,3101.3,2026-06-12,-0.006620255749253401
3064.42,10.37,3082.54,3051.48,2026-06-11,-0.015785737914997933
3054.04,-16.18,3089.07,3033.77,2026-06-10,-0.0033872641478648324
3070.22,-36.53,3118.37,3069.96,2026-06-09,0.00529790048591372
3106.76,-9.64,3112.09,3068.44,2026-06-08,0.011901427259284558
3116.4,-18.92,3147.44,3112.03,2026-06-05,0.0031029110713411967
3135.31,0.85,3153.43,3122.33,2026-06-04,0.006067898857656129
3134.46,-15.45,3142.47,3121.84,2026-06-03,-0.00027110556850840073
3149.91,55.42,3156.48,3123.44,2026-06-02,0.0049290786929805375
3094.5,-43.59,3135.78,3083.24,2026-06-01,-0.01759097878987015
3138.09,14.03,3149.37,3115.23,2026-05-29,0.014086282113427107
3124.05,-32.13,3139.05,3108.28,2026-05-28,-0.004474059061403635
3156.18,-6.01,3179.24,3137.23,2026-05-27,0.01028472655687307
3162.19,-30.64,3184.1,3159.3,2026-05-26,0.0019042006476184259
3192.83,46.7,3201.47,3175.39,2026-05-25,0.00968948734895747
3146.13,30.15,3152.84,3128.3,2026-05-22,-0.01462652255209318
3115.98,16.48,3120.58,3087.49,2026-05-21,-0.00958320221987019
3099.5,38.01,3124.57,3048.88,2026-05-20,-0.005288865782193675
3061.49,5.97,3090.77,3051.02,2026-05-19,-0.012263268269075756
3055.52,19.08,3073.52,3008.12,2026-05-18,-0.0019500308673227051
3036.44,-11.67,3079.72,3024.33,2026-05-15,-0.00624443629889504
3048.11,1.4,3070.04,3044.34,2026-05-13,0.003843316515393047
3046.71,-32.74,3071.47,3041.14,2026-05-12,-0.000459301009477997
3079.45,5.77,3082.24,3054.25,2026-05-11,0.010746017835632449
3073.69,-37.63,3096.76,3063.62,2026-05-08,-0.001870463881537221
3111.32,-48.01,3176.57,3111.32,2026-05-07,0.012242613926583434
3159.33,86.91,3169.09,3099.28,2026-05-06,0.015430749649666398
3072.42,36.93,3072.55,3039.92,2026-05-05,-0.02750899716079036
3035.49,-25.0,3084.74,3032.74,2026-05-04,-0.012019841037358314
3060.48,19.95,3066.79,3003.58,2026-04-30,0.00823260824446792
3203.22,36.44,3215.65,3184.67,2026-06-30,0.04663974278544525
3166.78,13.23,3171.63,3150.22,2026-06-29,-0.011376052846822748
3153.55,-27.33,3170.38,3141.69,2026-06-26,-0.004177745217539552
3180.88,33.92,3197.93,3158.92,2026-06-25,0.008666423554406943
3146.96,1.3,3155.91,3128.94,2026-06-24,-0.010663715701315413
3145.66,-45.06,3160.09,3134.33,2026-06-23,-0.00041309708417014424
3190.72,12.08,3191.04,3149.14,2026-06-22,0.014324497879618203
3178.64,17.35,3186.05,3159.45,2026-06-18,-0.0037859793400861763
3161.29,19.66,3167.61,3133.74,2026-06-17,-0.005458309214003476
3141.63,7.32,3173.68,3138.36,2026-06-16,-0.006218980226426529
3134.32,20.75,3181.32,3133.94,2026-06-15,-0.002326817607420373
3113.57,49.15,3146.76,3101.3,2026-06-12,-0.006620255749253401
3064.42,10.37,3082.54,3051.48,2026-06-11,-0.015785737914997933
3054.04,-16.18,3089.07,3033.77,2026-06-10,-0.0033872641478648324
3070.22,-36.53,3118.37,3069.96,2026-06-09,0.00529790048591372
3106.76,-9.64,3112.09,3068.44,2026-06-08,0.011901427259284558
3116.4,-18.92,3147.44,3112.03,2026-06-05,0.0031029110713411967
3135.31,0.85,3153.43,3122.33,2026-06-04,0.006067898857656129
3134.46,-15.45,3142.47,3121.84,2026-06-03,-0.00027110556850840073
3149.91,55.42,3156.48,3123.44,2026-06-02,0.0049290786929805375
3094.5,-43.59,3135.78,3083.24,2026-06-01,-0.01759097878987015
3138.09,14.03,3149.37,3115.23,2026-05-29,0.014086282113427107
3124.05,-32.13,3139.05,3108.28,2026-05-28,-0.004474059061403635
3156.18,-6.01,3179.24,3137.23,2026-05-27,0.01028472655687307
3162.19,-30.64,3184.1,3159.3,2026-05-26,0.0019042006476184259
3192.83,46.7,3201.47,3175.39,2026-05-25,0.00968948734895747
3146.13,30.15,3152.84,3128.3,2026-05-22,-0.01462652255209318
3115.98,16.48,3120.58,3087.49,2026-05-21,-0.00958320221987019
3099.5,38.01,3124.57,3048.88,2026-05-20,-0.005288865782193675
3061.49,5.97,3090.77,3051.02,2026-05-19,-0.012263268269075756
3055.52,19.08,3073.52,3008.12,2026-05-18,-0.0019500308673227051
3036.44,-11.67,3079.72,3024.33,2026-05-15,-0.00624443629889504
3048.11,1.4,3070.04,3044.34,2026-05-13,0.003843316515393047
3046.71,-32.74,3071.47,3041.14,2026-05-12,-0.000459301009477997
3079.45,5.77,3082.24,3054.25,2026-05-11,0.010746017835632449
3073.69,-37.63,3096.76,3063.62,2026-05-08,-0.001870463881537221
3111.32,-48.01,3176.57,3111.32,2026-05-07,0.012242613926583434
3159.33,86.91,3169.09,3099.28,2026-05-06,0.015430749649666398
3072.42,36.93,3072.55,3039.92,2026-05-05,-0.02750899716079036
3035.49,-25.0,3084.74,3032.74,2026-05-04,-0.012019841037358314
3184.91,-18.31,3207.46,3169.07,2026-07-01,0.04922434269261311
3203.22,36.44,3215.65,3184.67,2026-06-30,0.005748985057662415
3166.78,13.23,3171.63,3150.22,2026-06-29,-0.011376052846822748
3153.55,-27.33,3170.38,3141.69,2026-06-26,-0.004177745217539552
3180.88,33.92,3197.93,3158.92,2026-06-25,0.008666423554406943
3146.96,1.3,3155.91,3128.94,2026-06-24,-0.010663715701315413
3145.66,-45.06,3160.09,3134.33,2026-06-23,-0.00041309708417014424
3190.72,12.08,3191.04,3149.14,2026-06-22,0.014324497879618203
3178.64,17.35,3186.05,3159.45,2026-06-18,-0.0037859793400861763
3161.29,19.66,3167.61,3133.74,2026-06-17,-0.005458309214003476
3141.63,7.32,3173.68,3138.36,2026-06-16,-0.006218980226426529
3134.32,20.75,3181.32,3133.94,2026-06-15,-0.002326817607420373
3113.57,49.15,3146.76,3101.3,2026-06-12,-0.006620255749253401
3064.42,10.37,3082.54,3051.48,2026-06-11,-0.015785737914997933
3054.04,-16.18,3089.07,3033.77,2026-06-10,-0.0033872641478648324
3070.22,-36.53,3118.37,3069.96,2026-06-09,0.00529790048591372
3106.76,-9.64,3112.09,3068.44,2026-06-08,0.011901427259284558
3116.4,-18.92,3147.44,3112.03,2026-06-05,0.0031029110713411967
3135.31,0.85,3153.43,3122.33,2026-06-04,0.006067898857656129
3134.46,-15.45,3142.47,3121.84,2026-06-03,-0.00027110556850840073
3149.91,55.42,3156.48,3123.44,2026-06-02,0.0049290786929805375
3094.5,-43.59,3135.78,3083.24,2026-06-01,-0.01759097878987015
3138.09,14.03,3149.37,3115.23,2026-05-29,0.014086282113427107
3124.05,-32.13,3139.05,3108.28,2026-05-28,-0.004474059061403635
3156.18,-6.01,3179.24,3137.23,2026-05-27,0.01028472655687307
3162.19,-30.64,3184.1,3159.3,2026-05-26,0.0019042006476184259
3192.83,46.7,3201.47,3175.39,2026-05-25,0.00968948734895747
3146.13,30.15,3152.84,3128.3,2026-05-22,-0.01462652255209318
3115.98,16.48,3120.58,3087.49,2026-05-21,-0.00958320221987019
3099.5,38.01,3124.57,3048.88,2026-05-20,-0.005288865782193675
3061.49,5.97,3090.77,3051.02,2026-05-19,-0.012263268269075756
3055.52,19.08,3073.52,3008.12,2026-05-18,-0.0019500308673227051
3036.44,-11.67,3079.72,3024.33,2026-05-15,-0.00624443629889504
3048.11,1.4,3070.04,3044.34,2026-05-13,0.003843316515393047
3046.71,-32.74,3071.47,3041.14,2026-05-12,-0.000459301009477997
3079.45,5.77,3082.24,3054.25,2026-05-11,0.010746017835632449
3073.69,-37.63,3096.76,3063.62,2026-05-08,-0.001870463881537221
3111.32,-48.01,3176.57,3111.32,2026-05-07,0.012242613926583434
3159.33,86.91,3169.09,3099.28,2026-05-06,0.015430749649666398
3072.42,36.93,3072.55,3039.92,2026-05-05,-0.02750899716079036
