DATUM,PRIS,SUBSTANSVÄRDE,BERÄKNAT_SUBSTANSVÄRDE,DISCOUNT/PREMIUM
2021-02-22,276.6,297.0,301.3,0.0892986261749818
2021-02-23,275.2,297.0,298.51,0.0847020348837209
2021-02-24,279.1,297.0,305.29,0.0938373342887853
2021-02-25,279.5,297.0,304.22,0.088443649373882
2021-02-26,278.9,297.0,299.39,0.0734671925421298
2021-03-01,289.9,299.0,306.02,0.0556053811659193
2021-03-02,292.0,299.0,307.11,0.0517465753424658
2021-03-03,292.5,299.0,309.02,0.0564786324786324
2021-03-04,293.4,299.0,308.65,0.051976823449216
2021-03-05,292.6,299.0,308.06,0.0528366370471632
2021-03-08,298.1,299.0,319.47,0.0716873532371687
2021-03-09,299.8,299.0,319.89,0.0670113408939292
2021-03-10,303.2,299.0,321.17,0.0592678100263853
2021-03-11,311.9,299.0,323.6,0.037512023084322
2021-03-12,311.2,299.0,324.87,0.043926735218509
2021-03-15,307.8,299.0,322.17,0.0466861598440545
2021-03-16,311.7,299.0,323.25,0.0370548604427334
2021-03-17,311.1,299.0,323.31,0.0392478302796527
2021-03-18,310.8,299.0,327.41,0.0534427284427284
2021-03-19,305.1,299.0,323.36,0.0598492297607341
2021-03-22,308.3,299.0,323.68,0.0498864742134284
2021-03-23,304.1,299.0,315.66,0.0380138112463005
2021-03-24,309.2,299.0,320.83,0.0376131953428201
2021-03-25,305.7,299.0,317.69,0.0392214589466797
2021-03-26,309.7,299.0,322.11,0.0400710364869229
2021-03-29,305.8,299.0,318.61,0.0418901242642249
2021-03-30,309.4,299.0,323.38,0.0451842275371687
2021-03-31,306.4,299.0,320.74,0.0468015665796345
2021-04-01,311.4,299.0,325.52,0.0453436095054592
2021-04-02,311.4,299.0,325.52,0.0453436095054592
2021-04-05,311.4,299.0,325.52,0.0453436095054592
2021-04-06,312.5,299.0,327.5,0.048
2021-04-07,312.4,299.0,326.57,0.0453585147247119
2021-04-08,312.5,299.0,327.24,0.047168
2021-04-09,314.1,321.0,328.95,0.0472779369627506
2021-04-12,312.1,321.0,325.64,0.0433835309195769
2021-04-13,319.2,321.0,326.16,0.0218045112781956
2021-04-14,317.1,321.0,321.62,0.014254178492589
2021-04-15,319.4,321.0,325.28,0.0184095178459611
2021-04-16,326.8,321.0,331.8,0.0152998776009791
2021-04-19,329.4,321.0,327.77,-0.0049483910139647
2021-04-20,321.8,321.0,317.55,-0.0132069608452454
2021-04-21,327.2,321.0,320.24,-0.0212713936430317
2021-04-22,308.4,321.0,313.27,0.0157911802853437
2021-04-23,307.4,321.0,314.09,0.0217631750162654
2021-04-26,306.6,321.0,314.21,0.0248206131767774
2021-04-27,309.0,321.0,313.29,0.0138834951456311
2021-04-28,307.5,321.0,312.04,0.0147642276422764
2021-04-29,308.9,321.0,309.73,0.0026869537067013
2021-04-30,305.6,321.0,307.53,0.0063154450261778
2021-05-03,307.4,308.0,312.31,0.0159726740403384
2021-05-04,299.0,308.0,309.78,0.0360535117056855
2021-05-05,307.7,308.0,318.69,0.0357166070848229
2021-05-06,306.9,308.0,320.57,0.0445421961550994
2021-05-07,309.0,308.0,321.56,0.0406472491909385
2021-05-10,311.4,308.0,325.6,0.0456005138086064
2021-05-11,303.8,308.0,317.55,0.0452600394996708
2021-05-12,303.4,308.0,319.3,0.0524060646011866
2021-05-13,303.4,308.0,319.3,0.0524060646011866
2021-05-14,307.6,308.0,324.14,0.0537711313394017
2021-05-17,308.9,308.0,321.19,0.0397863386209129
2021-05-18,314.6,308.0,322.22,0.0242212333121424
2021-05-19,310.2,308.0,312.89,0.0086718246292714
2021-05-20,316.5,308.0,316.97,0.0014849921011059
2021-05-21,316.4,308.0,316.71,0.0009797724399494
2021-05-24,315.7,308.0,315.4,-0.0009502692429522
2021-05-25,317.5,308.0,314.54,-0.0093228346456692
2021-05-26,315.6,308.0,310.52,-0.0160963244613436
2021-05-27,322.0,308.0,313.28,-0.0270807453416149
2021-05-28,324.8,308.0,314.6,-0.0314039408866994
2021-05-31,325.7,308.0,310.67,-0.046146760822843
2021-06-01,330.1,311.0,315.38,-0.0445925477128143
2021-06-02,331.8,311.0,318.86,-0.0389993972272453
2021-06-03,332.8,311.0,320.05,-0.038311298076923
2021-06-04,331.3,311.0,319.39,-0.035949290673106
2021-06-07,327.2,311.0,318.93,-0.0252750611246943
2021-06-08,327.2,311.0,319.45,-0.0236858190709046
2021-06-09,325.0,311.0,318.74,-0.0192615384615384
2021-06-10,323.8,311.0,317.78,-0.0185917232859791
2021-06-11,325.7,311.0,317.94,-0.0238256063862449
2021-06-14,324.1,311.0,318.0,-0.0188213514347424
2021-06-15,322.9,311.0,317.36,-0.0171570145555898
2021-06-16,320.9,311.0,317.94,-0.0092240573387347
2021-06-17,318.4,311.0,316.89,-0.0047424623115577
2021-06-18,316.1,311.0,311.48,-0.0146156279658336
2021-06-21,314.8,311.0,313.44,-0.0043202033036849
2021-06-22,314.4,311.0,312.1,-0.0073155216284985
2021-06-23,310.0,311.0,308.43,-0.0050645161290322
2021-06-24,311.2,311.0,309.52,-0.0053984575835475
2021-06-25,311.2,311.0,309.52,-0.0053984575835475
2021-06-28,311.2,311.0,309.48,-0.0055269922879176
2021-06-29,315.7,311.0,312.74,-0.0093759898637946
2021-06-30,313.2,311.0,310.96,-0.0071519795657726
2021-07-01,312.8,311.0,313.16,0.001150895140665
2021-07-02,314.7,311.0,313.29,-0.0044804575786462
2021-07-05,314.0,311.0,316.47,0.0078662420382166
2021-07-06,313.5,311.0,314.36,0.0027432216905901
2021-07-07,318.0,311.0,320.05,0.0064465408805031
2021-07-08,310.8,311.0,315.69,0.0157335907335906
2021-07-09,312.2,311.0,319.65,0.0238629083920563
2021-07-12,316.8,311.0,322.59,0.018276515151515
2021-07-13,318.4,311.0,324.11,0.0179334170854272
2021-07-14,319.5,311.0,325.79,0.0196870109546166
2021-07-15,319.5,311.0,323.57,0.0127386541471048
2021-07-16,321.0,311.0,316.49,-0.01404984423676
2021-07-19,312.7,311.0,309.44,-0.0104253277902142
2021-07-20,314.7,311.0,308.77,-0.0188433428662218
2021-07-21,322.9,311.0,315.2,-0.0238463920718488
2021-07-22,325.9,311.0,315.04,-0.0333231052470081
2021-07-23,329.5,311.0,319.7,-0.029742033383915
2021-07-26,331.5,311.0,318.57,-0.0390045248868778
2021-07-27,330.8,311.0,315.77,-0.04543530834341
2021-07-28,329.1,311.0,315.16,-0.0423579459130963
2021-07-29,332.3,311.0,316.85,-0.0464941318086066
2021-07-30,329.7,311.0,314.84,-0.0450712769184107
2021-08-02,329.4,315.0,315.58,-0.0419550698239222
2021-08-03,332.1,315.0,315.56,-0.049804275820536
2021-08-04,336.8,315.0,316.97,-0.058877672209026
2021-08-05,336.9,315.0,315.51,-0.0634906500445235
2021-08-06,327.9,315.0,315.51,-0.0377859103385178
2021-08-09,327.7,315.0,315.57,-0.0370155630149526
2021-08-10,327.0,315.0,315.69,-0.0345871559633027
2021-08-11,325.6,315.0,318.32,-0.0223587223587224
2021-08-12,322.9,315.0,319.59,-0.0102508516568597
2021-08-13,322.6,315.0,319.56,-0.0094234345939244
2021-08-16,312.0,315.0,314.65,0.0084935897435896
2021-08-17,313.9,315.0,314.11,0.0006690028671552
2021-08-18,310.2,315.0,310.83,0.0020309477756286
2021-08-19,303.1,315.0,304.66,0.0051468162322665
2021-08-20,305.2,315.0,307.61,0.0078964613368283
2021-08-23,305.7,315.0,309.1,0.0111220150474322
2021-08-24,304.3,315.0,308.94,0.0152481104173512
2021-08-25,302.9,315.0,310.9,0.0264113568834598
2021-08-26,300.1,315.0,311.91,0.0393535488170609
2021-08-27,300.8,315.0,312.71,0.0395944148936169
2021-08-30,302.7,315.0,313.14,0.0344895936570862
2021-08-31,300.8,315.0,308.47,0.025498670212766
2021-09-01,301.2,308.0,308.78,0.0251660026560424
2021-09-02,303.9,308.0,309.34,0.0179006252056597
2021-09-03,299.4,308.0,308.38,0.0299933199732799
2021-09-06,300.9,308.0,311.62,0.0356264539714191
2021-09-07,298.5,308.0,311.97,0.0451256281407036
2021-09-08,293.7,308.0,305.52,0.0402451481103166
2021-09-09,290.5,308.0,304.02,0.0465404475043028
2021-09-10,288.9,308.0,303.11,0.0491865697473175
2021-09-13,285.0,308.0,300.65,0.0549122807017543
2021-09-14,282.7,308.0,299.7,0.0601344181110718
2021-09-15,286.1,308.0,298.66,0.0439007340090877
2021-09-16,285.1,308.0,299.91,0.0519466853735531
2021-09-17,281.3,308.0,296.51,0.0540703874866689
2021-09-20,274.1,308.0,289.63,0.0566581539584092
2021-09-21,271.3,308.0,288.47,0.0632878732030962
2021-09-22,270.9,308.0,293.64,0.0839424141749723
2021-09-23,274.7,308.0,298.49,0.0866035675282126
2021-09-24,272.8,308.0,297.34,0.0899560117302051
2021-09-27,273.3,308.0,299.5,0.0958653494328576
2021-09-28,269.6,308.0,295.83,0.0972922848664687
2021-09-29,269.5,308.0,294.46,0.0926159554730982
2021-09-30,272.0,308.0,295.56,0.0866176470588235
2021-10-01,267.7,308.0,293.78,0.0974224878595442
2021-10-04,265.0,308.0,292.68,0.1044528301886792
2021-10-05,266.6,308.0,294.99,0.10648912228057
2021-10-06,265.9,308.0,292.9,0.1015419330575404
2021-10-07,270.9,308.0,299.71,0.1063492063492063
2021-10-08,268.9,308.0,299.83,0.1150241725548531
2021-10-11,268.7,295.0,299.99,0.1164495720133979
2021-10-12,271.5,295.0,301.1,0.10902394106814
2021-10-13,272.6,295.0,303.4,0.1129860601614084
2021-10-14,273.4,295.0,304.05,0.1121068032187272
2021-10-15,274.6,295.0,306.13,0.1148215586307355
2021-10-18,274.2,295.0,305.9,0.1156090444930707
2021-10-19,276.7,295.0,308.48,0.114853632092519
2021-10-20,273.3,295.0,304.59,0.1144895718990119
2021-10-21,275.5,295.0,307.28,0.1153539019963701
2021-10-22,279.8,295.0,310.2,0.1086490350250177
2021-10-25,276.5,295.0,304.89,0.1026763110307413
2021-10-26,275.1,295.0,305.87,0.1118502362777171
2021-10-27,277.3,295.0,303.29,0.0937252073566534
2021-10-28,278.5,295.0,304.2,0.0922800718132854
2021-10-29,278.9,295.0,302.62,0.0850484044460381
2021-11-01,285.8,305.0,304.89,0.0667949615115464
2021-11-02,288.0,305.0,305.94,0.0622916666666666
2021-11-03,291.0,305.0,308.05,0.0585910652920962
2021-11-04,289.0,305.0,309.08,0.0694809688581314
2021-11-05,286.5,305.0,309.54,0.0804188481675393
2021-11-08,284.6,305.0,309.85,0.0887210119465917
2021-11-09,281.6,305.0,309.55,0.0992542613636363
2021-11-10,282.1,305.0,310.66,0.1012406947890818
2021-11-11,285.4,305.0,313.93,0.0999649614576034
2021-11-12,289.1,305.0,315.69,0.0919750951227947
2021-11-15,292.0,305.0,316.15,0.0827054794520547
2021-11-16,290.7,305.0,319.68,0.0996904024767802
2021-11-17,290.8,305.0,323.34,0.1118982118294359
2021-11-18,289.5,305.0,320.69,0.1077374784110535
2021-11-19,286.0,305.0,319.45,0.1169580419580419
2021-11-22,287.1,305.0,322.08,0.1218390804597699
2021-11-23,282.2,305.0,318.91,0.1300850460666195
2021-11-24,279.9,305.0,319.98,0.1431939978563774
2021-11-25,282.0,305.0,321.92,0.1415602836879433
2021-11-26,272.2,305.0,308.33,0.1327332843497428
2021-11-29,271.5,305.0,310.22,0.1426151012891345
2021-11-30,266.9,305.0,304.79,0.141963282128138
2021-12-01,271.1,307.0,312.46,0.1525636296569529
2021-12-02,268.1,307.0,310.95,0.1598284222305108
2021-12-03,266.1,307.0,307.27,0.1547162720781659
2021-12-06,268.6,307.0,313.99,0.1689873417721518
2021-12-07,275.7,307.0,318.88,0.1566195139644541
2021-12-08,277.6,307.0,315.24,0.1355907780979826
2021-12-09,278.5,307.0,313.95,0.1272890484739676
2021-12-10,280.1,307.0,312.45,0.1154944662620491
2021-12-13,280.2,307.0,310.62,0.1085653104925054
2021-12-14,277.4,307.0,309.4,0.1153568853640951
2021-12-15,275.3,307.0,308.58,0.1208863058481655
2021-12-16,274.2,307.0,314.02,0.1452224653537563
2021-12-17,267.8,307.0,312.14,0.1655713218820013
2021-12-20,267.7,307.0,309.59,0.1564811355995516
2021-12-21,268.4,307.0,313.44,0.1678092399403875
2021-12-22,273.0,307.0,315.47,0.1555677655677656
2021-12-23,279.3,307.0,324.48,0.1617615467239527
2021-12-24,279.3,307.0,324.48,0.1617615467239527
2021-12-27,282.8,307.0,326.67,0.1551272984441301
2021-12-28,284.5,307.0,329.44,0.1579613356766256
2021-12-29,283.9,307.0,330.08,0.1626629094751673
2021-12-30,284.1,307.0,329.4,0.1594508975712775
2021-12-31,284.1,307.0,329.4,0.1594508975712775
2022-01-03,286.6,307.0,332.79,0.1611653872993719
2022-01-04,292.8,307.0,337.88,0.1539617486338797
2022-01-05,290.1,307.0,336.64,0.1604274388142018
2022-01-06,290.1,307.0,336.64,0.1604274388142018
2022-01-07,284.5,307.0,334.45,0.1755711775043936
2022-01-10,285.8,332.0,330.15,0.15517844646606
2022-01-11,289.8,332.0,333.78,0.1517598343685298
2022-01-12,292.8,332.0,334.19,0.1413592896174862
2022-01-13,296.1,332.0,336.51,0.1364741641337384
2022-01-14,290.0,332.0,331.64,0.1435862068965517
2022-01-17,289.3,332.0,332.7,0.1500172830971309
2022-01-18,280.5,332.0,328.29,0.1703743315508022
2022-01-19,281.7,332.0,329.73,0.1705005324813632
2022-01-20,288.2,332.0,331.74,0.1510756419153366
2022-01-21,283.4,332.0,325.61,0.1489414255469302
2022-01-24,274.9,332.0,315.63,0.1481629683521281
2022-01-25,280.0,332.0,320.75,0.1455357142857143
2022-01-26,285.1,332.0,324.38,0.1377762188705716
2022-01-27,289.0,332.0,326.26,0.1289273356401383
2022-01-28,283.3,332.0,321.07,0.133321567243205
2022-01-31,286.9,332.0,322.14,0.1228302544440572
2022-02-01,290.1,332.0,327.6,0.1292657704239917
2022-02-02,288.6,332.0,328.22,0.1372834372834372
2022-02-03,282.0,332.0,325.66,0.1548226950354611
2022-02-04,275.6,332.0,318.24,0.1547169811320754
2022-02-07,279.3,332.0,320.71,0.1482635159326887
2022-02-08,279.8,332.0,321.73,0.1498570407433881
2022-02-09,286.6,332.0,326.25,0.1383461270062804
2022-02-10,283.0,332.0,329.54,0.164452296819788
2022-02-11,286.7,332.0,329.4,0.1489361702127659
2022-02-14,282.4,332.0,322.58,0.1422804532577904
2022-02-15,291.0,332.0,328.72,0.1296219931271478
2022-02-16,292.6,332.0,326.85,0.117053998632946
2022-02-17,282.8,332.0,321.61,0.1372347949080622
2022-02-18,276.1,332.0,317.95,0.1515755161173486
2022-02-21,268.2,332.0,310.96,0.1594332587621178
2022-02-22,268.0,332.0,307.57,0.1476492537313432
2022-02-23,262.7,332.0,304.48,0.1590407308717169
2022-02-24,255.5,332.0,290.22,0.1358904109589042
2022-02-25,259.8,332.0,297.93,0.1467667436489607
2022-02-28,258.9,332.0,287.38,0.1100038624951719
2022-03-01,251.5,287.0,276.68,0.1001192842942346
2022-03-02,251.7,287.0,279.31,0.109694080254271
2022-03-03,241.3,287.0,274.26,0.1365934521342726
2022-03-04,237.4,287.0,264.6,0.1145745577085089
2022-03-07,236.2,287.0,265.69,0.1248518204911092
2022-03-08,242.7,287.0,267.27,0.1012360939431396
2022-03-09,252.0,287.0,278.61,0.1055952380952381
2022-03-10,248.7,287.0,279.34,0.123200643345396
2022-03-11,252.6,287.0,283.3,0.1215360253365004
2022-03-14,262.1,287.0,290.43,0.1080885158336512
2022-03-15,257.8,287.0,287.43,0.114934057408844
2022-03-16,266.6,287.0,299.36,0.1228807201800449
2022-03-17,267.0,287.0,295.62,0.107191011235955
2022-03-18,270.9,287.0,296.44,0.0942783314876339
2022-03-21,270.5,287.0,298.18,0.1023290203327172
2022-03-22,271.5,287.0,298.11,0.0980110497237569
2022-03-23,268.0,287.0,294.09,0.0973507462686566
2022-03-24,265.7,287.0,291.67,0.0977418140760257
2022-03-25,264.7,287.0,286.25,0.0814129202871175
2022-03-28,264.5,287.0,290.1,0.0967863894139887
2022-03-29,270.9,287.0,297.14,0.0968623108157992
2022-03-30,269.0,287.0,290.31,0.0792193308550186
2022-03-31,263.9,287.0,286.42,0.0853353543008716
2022-04-01,266.8,287.0,288.91,0.0828710644677661
2022-04-04,267.2,287.0,287.16,0.0747005988023953
2022-04-05,263.8,287.0,283.84,0.075966641394996
2022-04-06,257.8,287.0,282.28,0.094957331264546
2022-04-07,256.8,287.0,282.95,0.1018302180685357
2022-04-08,257.8,286.0,289.5,0.1229635376260666
2022-04-11,256.3,286.0,284.78,0.1111197815060474
2022-04-12,257.3,286.0,285.11,0.1080839486980178
2022-04-13,260.0,286.0,284.42,0.0939230769230769
2022-04-14,260.5,286.0,284.34,0.0915163147792705
2022-04-15,260.5,286.0,284.34,0.0915163147792705
2022-04-18,260.5,286.0,284.34,0.0915163147792705
2022-04-19,261.3,286.0,287.02,0.0984309223115192
2022-04-20,261.6,286.0,291.84,0.1155963302752291
2022-04-21,265.1,286.0,295.49,0.1146359864202187
2022-04-22,252.1,286.0,290.18,0.1510511701705673
2022-04-25,239.0,286.0,283.05,0.1843096234309623
2022-04-26,238.1,286.0,280.24,0.1769844603107938
2022-04-27,238.5,286.0,284.76,0.1939622641509433
2022-04-28,243.8,286.0,284.34,0.1662838392124691
2022-04-29,250.5,286.0,285.98,0.1416367265469062
2022-05-02,243.3,286.0,282.35,0.1605014385532265
2022-05-03,241.4,286.0,284.4,0.1781275890637944
2022-05-04,241.6,286.0,279.62,0.1573675496688742
2022-05-05,243.3,286.0,276.58,0.1367858610768597
2022-05-06,235.4,286.0,275.37,0.1697960917587085
2022-05-09,233.9,286.0,270.17,0.1550662676357418
2022-05-10,236.2,286.0,273.11,0.1562658763759526
2022-05-11,246.7,286.0,279.75,0.1339683826509931
2022-05-12,245.1,286.0,279.85,0.1417788657690739
2022-05-13,245.3,286.0,284.37,0.1592743579290664
2022-05-16,245.0,286.0,285.28,0.164408163265306
2022-05-17,248.4,286.0,289.53,0.1655797101449274
2022-05-18,249.0,286.0,287.34,0.1539759036144577
2022-05-19,244.9,286.0,286.18,0.1685585953450387
2022-05-20,249.8,286.0,285.85,0.1443154523618895
2022-05-23,253.2,286.0,289.0,0.141390205371248
2022-05-24,250.5,286.0,287.39,0.1472654690618761
2022-05-25,244.9,286.0,287.33,0.1732543895467536
2022-05-26,244.9,286.0,287.33,0.1732543895467536
2022-05-27,255.3,286.0,295.51,0.1575009792401095
2022-05-30,258.8,286.0,295.84,0.1431221020092734
2022-05-31,253.1,286.0,290.96,0.1495851442117739
2022-06-01,248.5,286.0,294.52,0.1851911468812876
2022-06-02,254.1,291.0,298.65,0.1753246753246752
2022-06-03,255.5,291.0,298.73,0.1691976516634051
2022-06-06,255.5,291.0,298.73,0.1691976516634051
2022-06-07,256.8,291.0,298.69,0.1631230529595015
2022-06-08,257.1,291.0,296.87,0.154686892259821
2022-06-09,249.7,291.0,293.32,0.1746896275530637
2022-06-10,241.7,291.0,286.66,0.1860157219693836
2022-06-13,237.7,291.0,281.63,0.184812789230122
2022-06-14,234.8,291.0,278.26,0.1850936967632026
2022-06-15,240.3,291.0,282.39,0.1751560549313357
2022-06-16,231.4,291.0,273.71,0.1828435609334484
2022-06-17,228.7,291.0,271.63,0.1877131613467424
2022-06-20,230.1,291.0,271.63,0.1804867448935245
2022-06-21,231.8,291.0,273.07,0.1780414150129421
2022-06-22,229.6,291.0,269.13,0.1721689895470383
2022-06-23,226.0,291.0,262.46,0.1613274336283185
2022-06-24,226.0,291.0,262.46,0.1613274336283185
2022-06-27,235.6,291.0,271.55,0.1525891341256367
2022-06-28,232.9,291.0,270.75,0.1625161013310433
2022-06-29,233.4,291.0,271.36,0.1626392459297344
2022-06-30,227.5,291.0,263.36,0.1576263736263737
2022-07-01,230.4,291.0,265.04,0.1503472222222222
2022-07-04,229.0,291.0,267.53,0.1682532751091701
2022-07-05,224.8,291.0,261.6,0.1637010676156584
2022-07-06,230.9,291.0,267.84,0.1599826764833259
2022-07-07,238.7,263.0,275.2,0.1529116045245077
2022-07-08,240.8,263.0,277.52,0.1524916943521593
2022-07-11,234.6,263.0,270.93,0.1548593350383632
2022-07-12,239.2,263.0,276.56,0.1561872909698997
2022-07-13,235.8,263.0,270.96,0.1491094147582695
2022-07-14,231.5,263.0,266.41,0.1507991360691145
2022-07-15,233.8,263.0,265.78,0.1367835757057312
2022-07-18,239.4,263.0,267.62,0.1178780284043441
2022-07-19,241.4,263.0,274.3,0.1362883181441591
2022-07-20,242.1,263.0,273.33,0.128996282527881
2022-07-21,247.2,263.0,274.72,0.1113268608414241
2022-07-22,249.1,263.0,273.77,0.0990365315134483
2022-07-25,249.3,263.0,272.68,0.0937825912555154
2022-07-26,244.9,263.0,271.5,0.1086157615353205
2022-07-27,247.2,263.0,273.0,0.104368932038835
2022-07-28,253.0,263.0,277.34,0.0962055335968378
2022-07-29,261.0,263.0,282.22,0.0813026819923372
2022-08-01,255.6,263.0,278.45,0.0893974960876369
2022-08-02,254.6,282.0,277.11,0.0884131971720346
2022-08-03,256.5,282.0,277.53,0.0819883040935671
2022-08-04,255.3,282.0,279.43,0.0945162553858205
2022-08-05,250.6,282.0,276.46,0.103192338387869
2022-08-08,257.8,282.0,279.75,0.0851435221101628
2022-08-09,251.8,282.0,277.47,0.1019459888800636
2022-08-10,258.1,282.0,282.65,0.0951181712514527
2022-08-11,256.7,282.0,281.51,0.0966497857421114
2022-08-12,255.1,282.0,282.29,0.1065856526852215
2022-08-15,256.1,282.0,281.42,0.0988676298320968
2022-08-16,259.2,282.0,286.37,0.1048225308641976
2022-08-17,253.5,282.0,281.91,0.1120710059171598
2022-08-18,255.6,282.0,286.2,0.1197183098591549
2022-08-19,251.0,282.0,284.32,0.1327490039840637
2022-08-22,247.4,282.0,277.18,0.1203718674211802
2022-08-23,242.9,282.0,277.51,0.1424866200082337
2022-08-24,245.0,282.0,276.23,0.1274693877551021
2022-08-25,246.7,282.0,276.02,0.1188488042156465
2022-08-26,237.9,282.0,272.83,0.1468263976460697
2022-08-29,236.5,282.0,271.18,0.1466384778012685
2022-08-30,237.5,282.0,272.3,0.1465263157894737
2022-08-31,234.8,282.0,269.11,0.1461243611584327
2022-09-01,226.2,269.0,259.44,0.1469496021220159
2022-09-02,234.9,269.0,266.56,0.1347807577692635
2022-09-05,231.0,269.0,259.71,0.1242857142857142
2022-09-06,229.4,269.0,259.4,0.13077593722755
2022-09-07,228.9,269.0,259.57,0.1339886413280908
2022-09-08,230.8,269.0,261.03,0.1309792027729634
2022-09-09,234.2,269.0,265.11,0.1319812126387703
2022-09-12,238.9,269.0,271.31,0.135663457513604
2022-09-13,233.5,269.0,267.18,0.1442398286937901
2022-09-14,228.1,269.0,262.38,0.1502849627356422
2022-09-15,230.8,269.0,264.39,0.14553726169844
2022-09-16,231.9,269.0,261.07,0.1257869771453212
2022-09-19,231.1,269.0,261.94,0.1334487234963219
2022-09-20,227.3,269.0,258.97,0.1393312802463705
2022-09-21,228.7,269.0,260.92,0.1408832531700919
2022-09-22,222.7,269.0,254.44,0.1425235743152223
2022-09-23,222.2,269.0,250.82,0.1288028802880288
2022-09-26,218.7,269.0,248.23,0.1350251486053955
2022-09-27,220.1,269.0,249.75,0.1347114947751022
2022-09-28,222.5,269.0,250.39,0.1253483146067415
2022-09-29,218.9,269.0,243.93,0.1143444495203289
2022-09-30,223.3,269.0,249.19,0.1159426780116434
2022-10-03,224.6,269.0,252.31,0.1233748886910062
2022-10-04,231.7,269.0,262.41,0.1325420802762194
2022-10-05,228.5,269.0,256.76,0.1236761487964988
2022-10-06,230.6,249.0,257.04,0.1146574154379879
2022-10-07,220.8,249.0,251.75,0.1401721014492753
2022-10-10,217.6,249.0,252.26,0.1592830882352941
2022-10-11,219.7,249.0,253.72,0.1548475193445608
2022-10-12,217.6,249.0,253.76,0.1661764705882353
2022-10-13,225.0,249.0,254.72,0.1320888888888889
2022-10-14,224.5,249.0,259.24,0.1547438752783964
2022-10-17,231.3,249.0,265.3,0.1469952442715088
2022-10-18,236.7,249.0,270.69,0.1435994930291508
2022-10-19,234.0,249.0,270.91,0.1577350427350428
2022-10-20,236.5,249.0,265.63,0.1231712473572938
2022-10-21,237.0,249.0,267.6,0.129113924050633
2022-10-24,241.7,249.0,271.9,0.1249482829954488
2022-10-25,248.0,249.0,273.19,0.1015725806451612
2022-10-26,246.6,249.0,274.94,0.1149229521492295
2022-10-27,247.2,249.0,276.57,0.1188106796116505
2022-10-28,248.6,249.0,277.21,0.1150844730490747
2022-10-31,248.1,249.0,275.01,0.1084643288996372
2022-11-01,247.2,275.0,276.49,0.1184870550161813
2022-11-02,246.0,275.0,276.87,0.1254878048780488
2022-11-03,244.2,275.0,273.68,0.1207207207207208
2022-11-04,248.1,275.0,280.44,0.1303506650544135
2022-11-07,250.0,275.0,284.71,0.1388399999999999
2022-11-08,253.7,275.0,288.04,0.1353567205360663
2022-11-09,254.6,275.0,288.09,0.131539670070699
2022-11-10,264.9,275.0,293.18,0.1067572668931673
2022-11-11,266.5,275.0,294.62,0.105515947467167
2022-11-14,268.7,275.0,295.29,0.0989579456643097
2022-11-15,268.5,275.0,294.51,0.0968715083798882
2022-11-16,266.3,275.0,292.87,0.0997746901990236
2022-11-17,262.3,275.0,291.4,0.1109416698436902
2022-11-18,264.9,275.0,294.83,0.1129860324650812
2022-11-21,261.0,275.0,294.08,0.126743295019157
2022-11-22,263.4,275.0,297.05,0.1277524677296888
2022-11-23,267.2,275.0,298.02,0.1153443113772454
2022-11-24,268.1,275.0,296.97,0.1076837001118985
2022-11-25,271.7,275.0,299.09,0.1008097165991902
2022-11-28,264.7,275.0,294.53,0.1126936154136758
2022-11-29,263.7,275.0,295.3,0.1198331437239288
2022-11-30,266.1,275.0,294.64,0.1072529124389325
2022-12-01,268.0,295.0,298.77,0.1148134328358208
2022-12-02,264.0,295.0,298.95,0.1323863636363635
2022-12-05,266.2,295.0,300.03,0.1270848985725018
2022-12-06,262.3,295.0,296.95,0.1321006481128478
2022-12-07,253.5,295.0,292.87,0.1553057199211045
2022-12-08,252.6,295.0,293.35,0.1613222486144102
2022-12-09,258.7,295.0,297.21,0.1488596830305372
2022-12-12,259.0,295.0,296.01,0.1428957528957528
2022-12-13,260.6,295.0,300.5,0.1531082118188794
2022-12-14,261.2,295.0,301.67,0.1549387442572742
2022-12-15,255.7,295.0,294.67,0.1524051622995699
2022-12-16,252.5,295.0,292.69,0.1591683168316831
2022-12-19,254.0,295.0,293.58,0.1558267716535432
2022-12-20,252.4,295.0,292.1,0.1572900158478606
2022-12-21,258.1,295.0,295.96,0.1466873304920571
2022-12-22,254.5,295.0,292.98,0.1511984282907662
2022-12-23,257.5,295.0,295.09,0.1459805825242717
2022-12-26,257.5,295.0,295.09,0.1459805825242717
2022-12-27,258.3,295.0,297.04,0.1499806426635695
2022-12-28,255.4,295.0,294.79,0.1542286609240407
2022-12-29,257.1,295.0,296.76,0.1542590431738621
2022-12-30,253.0,295.0,292.88,0.1576284584980237
2023-01-02,257.3,295.0,298.48,0.1600466381655655
2023-01-03,260.6,295.0,299.8,0.1504221028396008
2023-01-04,261.9,295.0,301.47,0.1510882016036657
2023-01-05,263.2,295.0,304.85,0.1582446808510639
2023-01-06,263.2,295.0,304.85,0.1582446808510639
2023-01-09,268.7,295.0,312.44,0.1627837737253442
2023-01-10,266.0,295.0,310.32,0.1666165413533834
2023-01-11,269.5,295.0,313.57,0.1635250463821892
2023-01-12,275.6,295.0,317.93,0.1535921625544266
2023-01-13,273.0,295.0,315.97,0.1573992673992675
2023-01-16,275.7,295.0,318.37,0.1547696771853464
2023-01-17,272.3,295.0,316.46,0.1621740727139183
2023-01-18,274.3,295.0,318.67,0.1617572001458257
2023-01-19,268.7,295.0,311.43,0.1590249348716041
2023-01-20,271.6,295.0,317.61,0.1694035346097201
2023-01-23,275.1,295.0,320.12,0.1636495819701925
2023-01-24,274.1,295.0,320.88,0.1706676395476102
2023-01-25,276.6,293.0,319.9,0.1565437454808385
2023-01-26,277.4,293.0,317.5,0.1445565969718818
2023-01-27,278.0,293.0,318.86,0.1469784172661871
2023-01-30,276.1,293.0,319.01,0.1554147048170951
2023-01-31,274.5,293.0,318.62,0.1607285974499089
2023-02-01,279.4,293.0,321.07,0.1491410164638511
2023-02-02,290.1,293.0,328.49,0.1323336780420544
2023-02-03,287.8,293.0,329.28,0.1441278665740095
2023-02-06,283.6,293.0,323.69,0.1413610719322989
2023-02-07,286.2,293.0,324.62,0.1342417889587701
2023-02-08,285.8,293.0,319.04,0.1163051084674597
2023-02-09,283.8,293.0,318.37,0.1218111346018322
2023-02-10,279.5,293.0,313.37,0.1211806797853309
2023-02-13,284.5,293.0,318.49,0.1194727592267135
2023-02-14,285.9,293.0,318.79,0.1150402238544947
2023-02-15,288.0,293.0,321.42,0.1160416666666667
2023-02-16,288.7,293.0,322.26,0.116245237270523
2023-02-17,287.3,293.0,322.48,0.1224504002784546
2023-02-20,286.5,293.0,321.5,0.1221640488656195
2023-02-21,282.0,293.0,317.91,0.127340425531915
2023-02-22,283.0,293.0,319.05,0.1273851590106007
2023-02-23,284.3,293.0,320.42,0.1270488920154766
2023-02-24,283.5,293.0,318.47,0.1233509700176367
2023-02-27,286.9,293.0,321.55,0.1207737887765773
2023-02-28,287.6,293.0,322.76,0.1222531293463142
2023-03-01,287.4,323.0,321.98,0.120320111343076
2023-03-02,284.8,323.0,323.67,0.1364817415730337
2023-03-03,289.3,323.0,329.15,0.1377462841341167
2023-03-06,290.5,323.0,329.01,0.132564543889845
2023-03-07,285.9,323.0,326.13,0.1407135362014691
2023-03-08,282.8,323.0,325.58,0.1512729844413011
2023-03-09,282.2,323.0,323.29,0.1456059532246634
2023-03-10,275.6,323.0,313.42,0.1372278664731494
2023-03-13,268.9,323.0,307.51,0.1435849758274452
2023-03-14,273.2,323.0,311.82,0.1413616398243045
2023-03-15,263.0,323.0,299.53,0.1388973384030417
2023-03-16,266.6,323.0,303.36,0.1378844711177794
2023-03-17,260.3,323.0,298.45,0.1465616596235112
2023-03-20,263.6,323.0,302.54,0.1477238239757207
2023-03-21,268.4,323.0,307.42,0.1453800298062594
2023-03-22,267.9,323.0,307.41,0.1474804031354985
2023-03-23,267.2,323.0,300.14,0.1232784431137724
2023-03-24,265.5,323.0,294.88,0.1106591337099811
2023-03-27,267.4,323.0,297.12,0.1111443530291698
2023-03-28,267.4,323.0,299.64,0.1205684367988033
2023-03-29,271.5,323.0,305.18,0.1240515653775322
2023-03-30,278.4,323.0,311.48,0.1188218390804599
2023-03-31,279.2,323.0,313.93,0.1243911174785101
2023-04-03,279.1,323.0,313.16,0.1220351128627732
2023-04-04,283.6,323.0,313.96,0.1070521861777149
2023-04-05,282.0,320.0,312.42,0.1078723404255319
2023-04-06,289.2,320.0,313.84,0.0852005532503457
2023-04-07,289.2,320.0,313.84,0.0852005532503457
2023-04-10,289.2,320.0,313.84,0.0852005532503457
2023-04-11,296.9,320.0,318.15,0.0715729201751431
2023-04-12,299.0,320.0,325.82,0.0896989966555183
2023-04-13,302.7,320.0,326.57,0.0788569540799471
2023-04-14,303.0,320.0,329.18,0.0864026402640264
2023-04-17,300.0,320.0,331.66,0.1055333333333334
2023-04-18,291.9,320.0,323.21,0.1072627612195957
2023-04-19,292.1,320.0,321.99,0.102327969873331
2023-04-20,290.1,320.0,321.61,0.108617718028266
2023-04-21,289.5,320.0,317.76,0.0976165803108808
2023-04-24,292.8,320.0,319.99,0.0928620218579234
2023-04-25,290.9,320.0,316.94,0.0895152973530423
2023-04-26,288.4,320.0,315.2,0.0929264909847434
2023-04-27,288.0,320.0,314.06,0.0904861111111111
2023-04-28,292.3,320.0,317.06,0.0847074923024289
2023-05-01,292.3,320.0,317.06,0.0847074923024289
2023-05-02,288.2,317.0,314.63,0.091707147814018
2023-05-03,288.3,317.0,312.31,0.0832813041970169
2023-05-04,287.3,317.0,308.13,0.0725026105116602
2023-05-05,289.8,317.0,311.73,0.0756728778467909
2023-05-08,292.4,317.0,311.95,0.0668604651162791
2023-05-09,286.0,317.0,308.99,0.0803846153846154
2023-05-10,285.8,317.0,305.7,0.0696291112666199
2023-05-11,287.7,317.0,306.24,0.0644421272158499
2023-05-12,289.2,317.0,308.11,0.0653872752420471
2023-05-15,293.0,317.0,310.64,0.0602047781569965
2023-05-16,291.6,317.0,307.5,0.0545267489711933
2023-05-17,289.2,317.0,307.54,0.0634163208852006
2023-05-18,289.2,317.0,307.54,0.0634163208852006
2023-05-19,296.3,317.0,313.46,0.057914276071549
2023-05-22,295.6,317.0,312.65,0.0576792963464139
2023-05-23,292.3,317.0,310.92,0.0637016763599042
2023-05-24,286.4,317.0,304.21,0.0621857541899441
2023-05-25,283.2,317.0,301.77,0.065572033898305
2023-05-26,289.5,317.0,305.72,0.0560276338514681
2023-05-29,290.1,317.0,304.35,0.0491209927611168
2023-05-30,289.5,317.0,301.27,0.040656303972366
2023-05-31,290.1,317.0,298.2,0.027921406411582
2023-06-01,289.5,317.0,302.25,0.044041450777202
2023-06-02,294.4,298.0,311.08,0.0566576086956522
2023-06-05,295.2,298.0,312.0,0.056910569105691
2023-06-06,295.2,298.0,312.0,0.056910569105691
2023-06-07,296.0,298.0,314.84,0.0636486486486485
2023-06-08,295.5,298.0,315.4,0.0673434856175972
2023-06-09,292.8,298.0,314.02,0.0724726775956283
2023-06-12,289.4,298.0,312.48,0.0797512093987562
2023-06-13,290.0,298.0,315.6,0.0882758620689656
2023-06-14,290.5,298.0,316.74,0.0903270223752151
2023-06-15,293.7,298.0,316.71,0.0783452502553625
2023-06-16,298.6,298.0,318.39,0.0662759544541191
2023-06-19,292.6,298.0,314.66,0.0753930280246069
2023-06-20,292.8,298.0,311.69,0.0645150273224043
2023-06-21,289.0,298.0,312.09,0.0798961937716262
2023-06-22,287.7,298.0,307.29,0.0680917622523463
2023-06-23,287.7,298.0,307.29,0.0680917622523463
2023-06-26,286.1,298.0,309.04,0.0801817546312478
2023-06-27,288.1,298.0,308.92,0.0722665741062131
2023-06-28,292.4,298.0,311.34,0.0647742818057455
2023-06-29,293.0,298.0,312.72,0.0673037542662117
2023-06-30,297.2,298.0,316.7,0.0656123822341857
2023-07-03,296.0,298.0,318.89,0.077331081081081
2023-07-04,296.9,298.0,316.43,0.0657797238127316
2023-07-05,291.4,298.0,314.08,0.077831159917639
2023-07-06,287.5,317.0,309.1,0.0751304347826087
2023-07-07,289.8,317.0,310.87,0.0727053140096618
2023-07-10,287.1,317.0,310.19,0.0804249390456286
2023-07-11,286.5,317.0,312.99,0.0924607329842932
2023-07-12,290.3,317.0,316.46,0.0901136755080949
2023-07-13,292.3,317.0,315.31,0.0787204926445432
2023-07-14,291.6,317.0,312.25,0.0708161865569272
2023-07-17,288.4,317.0,313.22,0.0860610263522886
2023-07-18,290.1,317.0,317.14,0.0932092381937261
2023-07-19,289.0,317.0,315.11,0.0903460207612457
2023-07-20,287.7,317.0,312.75,0.0870698644421272
2023-07-21,289.4,317.0,310.32,0.0722874913614375
2023-07-24,293.2,317.0,312.54,0.065961800818554
2023-07-25,297.5,317.0,315.94,0.0619831932773109
2023-07-26,297.0,317.0,315.14,0.061077441077441
2023-07-27,301.1,317.0,318.26,0.0569910328794419
2023-07-28,300.6,317.0,318.52,0.059614105123087
2023-07-31,298.1,317.0,319.04,0.0702448842670244
2023-08-01,297.1,319.0,318.18,0.0709525412319083
2023-08-02,291.7,319.0,315.62,0.082002056907782
2023-08-03,288.3,319.0,311.8,0.0815123135622615
2023-08-04,290.9,319.0,313.44,0.0774836713647302
2023-08-07,292.2,319.0,314.42,0.0760438056125942
2023-08-08,289.4,319.0,310.51,0.0729440221147201
2023-08-09,290.6,319.0,312.4,0.0750172057811423
2023-08-10,291.4,319.0,314.52,0.0793411118737131
2023-08-11,288.0,319.0,312.58,0.0853472222222221
2023-08-14,287.2,319.0,313.53,0.0916782729805013
2023-08-15,282.7,319.0,309.92,0.0962858153519633
2023-08-16,283.7,319.0,310.62,0.0948889672188932
2023-08-17,281.2,319.0,308.67,0.0976884779516359
2023-08-18,279.6,319.0,308.26,0.1025035765379111
2023-08-21,278.6,319.0,306.17,0.0989590811198851
2023-08-22,280.7,319.0,307.34,0.0949055931599572
2023-08-23,282.3,319.0,306.61,0.0861140630534892
2023-08-24,281.2,319.0,303.32,0.0786628733997155
2023-08-25,280.8,319.0,303.67,0.0814458689458689
2023-08-28,283.5,319.0,308.5,0.0881834215167548
2023-08-29,285.0,319.0,310.75,0.0903508771929824
2023-08-30,285.9,319.0,310.69,0.0867086393844002
2023-08-31,285.2,319.0,310.45,0.0885343618513324
2023-09-01,285.5,310.0,309.83,0.0852189141856391
2023-09-04,287.0,310.0,310.59,0.0821951219512194
2023-09-05,291.5,310.0,312.4,0.0716981132075471
2023-09-06,292.6,310.0,312.79,0.0690020505809979
2023-09-07,291.3,310.0,308.34,0.0584963954685889
2023-09-08,287.7,310.0,307.28,0.0680570038234271
2023-09-11,290.2,310.0,310.6,0.0702963473466576
2023-09-12,289.4,310.0,308.49,0.0659640635798204
2023-09-13,289.5,310.0,306.59,0.0590328151986182
2023-09-14,293.5,310.0,310.67,0.0585008517887564
2023-09-15,295.0,310.0,315.43,0.0692542372881356
2023-09-18,293.6,310.0,316.03,0.0763964577656674
2023-09-19,293.7,310.0,315.7,0.0749063670411985
2023-09-20,296.7,310.0,319.79,0.0778227165487025
2023-09-21,293.5,310.0,317.05,0.0802385008517888
2023-09-22,292.1,310.0,313.06,0.0717562478603217
2023-09-25,291.6,310.0,312.01,0.0699931412894374
2023-09-26,286.1,310.0,308.82,0.0794127927298146
2023-09-27,285.5,310.0,308.19,0.0794746059544658
2023-09-28,288.5,310.0,311.45,0.0795493934142114
2023-09-29,288.6,310.0,312.01,0.081115731115731
2023-10-02,287.8,310.0,310.54,0.0790132036136206
2023-10-03,284.2,310.0,307.37,0.0815270935960591
2023-10-04,280.1,310.0,305.63,0.0911460192788288
2023-10-05,282.5,310.0,306.93,0.0864778761061947
2023-10-06,286.1,312.0,309.81,0.0828731212862634
2023-10-09,283.7,312.0,306.23,0.0794148748678182
2023-10-10,290.4,312.0,314.23,0.0820592286501378
2023-10-11,291.6,312.0,315.79,0.0829561042524005
2023-10-12,295.6,312.0,317.78,0.0750338294993232
2023-10-13,291.4,312.0,314.48,0.0792038435140701
2023-10-16,292.1,312.0,315.28,0.0793563847997259
2023-10-17,289.3,312.0,313.05,0.0820947113722779
2023-10-18,287.8,312.0,313.81,0.0903752605976372
2023-10-19,284.6,312.0,308.72,0.0847505270555165
2023-10-20,277.7,312.0,302.63,0.0897731364782139
2023-10-23,276.6,312.0,299.64,0.0832971800433838
2023-10-24,280.1,312.0,301.73,0.0772224205640842
2023-10-25,279.7,312.0,302.03,0.0798355380765104
2023-10-26,282.7,312.0,303.62,0.0740007074637425
2023-10-27,281.3,312.0,302.94,0.0769285460362601
2023-10-30,280.9,312.0,304.37,0.0835528657885369
2023-10-31,287.2,312.0,307.18,0.0695682451253482
2023-11-01,286.8,307.0,303.96,0.0598326359832634
2023-11-02,293.1,307.0,310.01,0.0576936199249401
2023-11-03,294.7,307.0,314.12,0.0658975229046488
2023-11-06,293.2,307.0,311.62,0.0628240109140519
2023-11-07,291.4,307.0,309.01,0.0604323953328758
2023-11-08,291.0,307.0,308.93,0.0616151202749141
2023-11-09,294.4,307.0,312.12,0.0601902173913044
2023-11-10,292.5,307.0,310.82,0.0626324786324786
2023-11-13,294.4,307.0,311.58,0.0583559782608695
2023-11-14,300.7,307.0,318.88,0.060458929165281
2023-11-15,304.9,307.0,323.78,0.0619219416202033
2023-11-16,302.2,307.0,319.46,0.0571144937127729
2023-11-17,304.0,307.0,323.03,0.0625986842105262
2023-11-20,307.1,307.0,325.24,0.0590687072614782
2023-11-21,306.8,307.0,323.57,0.0546610169491524
2023-11-22,311.0,307.0,325.53,0.0467202572347266
2023-11-23,310.3,307.0,326.93,0.0535932968095391
2023-11-24,312.3,307.0,326.79,0.0463976945244957
2023-11-27,312.7,307.0,327.37,0.0469139750559642
2023-11-28,310.4,307.0,326.06,0.0504510309278351
2023-11-29,314.7,307.0,328.99,0.0454083253892596
2023-11-30,315.8,307.0,329.98,0.0449018366054465
2023-12-01,315.5,330.0,332.2,0.052931854199683
2023-12-04,313.9,330.0,332.6,0.0595731124561963
2023-12-05,317.2,330.0,335.96,0.0591424968474148
2023-12-06,320.0,330.0,339.24,0.060125
2023-12-07,321.4,330.0,339.16,0.0552582451773492
2023-12-08,323.4,330.0,339.87,0.0509276437847867
2023-12-11,328.7,330.0,343.01,0.0435351384240949
2023-12-12,329.0,330.0,341.42,0.0377507598784195
2023-12-13,327.8,330.0,339.16,0.0346552776082977
2023-12-14,332.4,330.0,345.76,0.0401925391095066
2023-12-15,330.2,330.0,348.24,0.054633555420957
2023-12-18,330.1,330.0,347.4,0.052408361102696
2023-12-19,329.9,330.0,347.89,0.054531676265535
2023-12-20,327.7,330.0,347.86,0.0615196826365579
2023-12-21,326.5,330.0,345.76,0.0589892802450229
2023-12-22,328.9,330.0,346.09,0.0522651261781696
2023-12-25,328.9,330.0,346.09,0.0522651261781696
2023-12-26,328.9,330.0,346.09,0.0522651261781696
2023-12-27,329.5,330.0,348.13,0.0565402124430955
2023-12-28,329.9,330.0,347.58,0.0535919975750227
2023-12-29,328.7,330.0,347.97,0.0586248859142076
2024-01-01,328.3,330.0,347.93,0.0597928723728297
2024-01-02,328.4,330.0,348.51,0.0612362971985384
2024-01-03,327.5,330.0,342.24,0.0450076335877862
2024-01-04,329.1,330.0,343.11,0.04257064721969
2024-01-05,325.8,330.0,340.39,0.044782074892572
2024-01-08,328.7,330.0,342.76,0.0427745664739884
2024-01-09,326.5,330.0,339.69,0.0403981623277182
2024-01-10,325.9,348.0,338.91,0.0399202209266647
2024-01-11,322.9,348.0,339.13,0.0502632393930009
2024-01-12,324.5,348.0,344.27,0.0609244992295839
2024-01-15,322.3,348.0,340.95,0.0578653428482779
2024-01-16,319.0,348.0,337.15,0.0568965517241378
2024-01-17,316.3,348.0,333.92,0.0557066076509642
2024-01-18,317.2,348.0,334.11,0.0533102143757882
2024-01-19,313.9,348.0,331.24,0.055240522459382
2024-01-22,318.6,348.0,334.05,0.0484934086629001
2024-01-23,321.9,348.0,336.57,0.0455731593662628
2024-01-24,323.9,348.0,336.79,0.0397962334053721
2024-01-25,327.2,348.0,340.29,0.0400061124694377
2024-01-26,328.9,348.0,340.26,0.0345393736698085
2024-01-29,327.3,348.0,339.22,0.0364191872899481
2024-01-30,328.7,348.0,340.16,0.0348646181928811
2024-01-31,327.9,348.0,341.23,0.0406526379993901
2024-02-01,327.6,348.0,340.95,0.0407509157509156
2024-02-02,330.4,348.0,342.58,0.036864406779661
2024-02-05,323.0,348.0,337.59,0.0451702786377708
2024-02-06,324.8,348.0,342.32,0.0539408866995073
2024-02-07,326.1,348.0,345.84,0.0605335786568535
2024-02-08,326.7,348.0,346.88,0.0617692072237527
2024-02-09,326.0,348.0,345.88,0.0609815950920245
2024-02-12,330.8,348.0,348.6,0.0538089480048367
2024-02-13,333.0,348.0,349.22,0.0487087087087087
2024-02-14,333.3,348.0,349.27,0.0479147914791478
2024-02-15,339.0,348.0,352.84,0.0408259587020648
2024-02-16,341.4,348.0,356.13,0.0431458699472759
2024-02-19,342.8,348.0,356.98,0.041365227537923
2024-02-20,344.3,348.0,358.31,0.0406912576241649
2024-02-21,343.6,348.0,360.23,0.0483993015133876
2024-02-22,347.2,348.0,359.76,0.0361751152073732
2024-02-23,350.4,348.0,362.02,0.033162100456621
2024-02-26,349.0,348.0,360.84,0.0339255014326646
2024-02-27,353.6,348.0,363.4,0.0277149321266967
2024-02-28,352.7,348.0,366.49,0.039098383895662
2024-02-29,352.3,348.0,367.21,0.042321884757309
2024-03-01,354.7,348.0,371.03,0.046038906117846
2024-03-04,354.0,348.0,369.14,0.0427683615819208
2024-03-05,354.2,348.0,370.1,0.0448898927159797
2024-03-06,355.2,348.0,371.12,0.0448198198198198
2024-03-07,356.7,348.0,372.86,0.0453041771797029
2024-03-08,360.4,348.0,375.53,0.0419811320754716
2024-03-11,359.2,348.0,374.17,0.0416759465478842
2024-03-12,367.5,348.0,379.95,0.0338775510204081
2024-03-13,368.5,348.0,380.92,0.0337042062415197
2024-03-14,367.8,367.0,381.4,0.0369766177270254
2024-03-15,374.2,367.0,382.52,0.022234099412079
2024-03-18,363.4,367.0,379.03,0.0430104567969179
2024-03-19,367.6,367.0,380.07,0.0339227421109901
2024-03-20,368.0,367.0,380.51,0.0339945652173912
2024-03-21,372.9,367.0,383.69,0.0289353714132475
2024-03-22,371.9,367.0,385.92,0.0376983059962356
2024-03-25,370.2,367.0,383.88,0.0369529983792544
2024-03-26,370.8,367.0,389.21,0.0496494066882415
2024-03-27,373.8,367.0,387.66,0.0370786516853932
2024-03-28,368.1,367.0,378.35,0.0278456941048628
2024-03-29,368.1,367.0,378.35,0.0278456941048628
2024-04-01,368.1,367.0,386.31,0.0494702526487366
2024-04-02,367.3,367.0,387.45,0.0548597876395316
2024-04-03,364.8,367.0,386.86,0.0604714912280701
2024-04-04,366.7,367.0,389.75,0.0628579220070903
2024-04-05,361.9,367.0,389.67,0.0767339043934789
2024-04-08,370.3,386.0,392.28,0.0593572778827976
2024-04-09,366.5,386.0,390.28,0.0648840381991813
2024-04-10,368.7,386.0,390.37,0.0587740710604828
2024-04-11,363.9,386.0,383.37,0.0535037098103875
2024-04-12,355.8,386.0,376.32,0.0576728499156829
2024-04-15,358.8,386.0,378.67,0.0553790412486064
2024-04-16,353.1,386.0,373.32,0.0572642310960067
2024-04-17,356.1,386.0,376.59,0.0575400168491995
2024-04-18,357.5,386.0,379.92,0.0627132867132867
2024-04-19,352.5,386.0,373.85,0.0605673758865248
2024-04-22,353.9,386.0,372.57,0.0527550155411133
2024-04-23,357.1,386.0,375.92,0.0527023242789134
2024-04-24,353.6,386.0,368.38,0.0417986425339365
2024-04-25,344.5,386.0,362.19,0.0513497822931785
2024-04-26,351.4,386.0,367.53,0.0459021058622652
2024-04-29,355.5,386.0,368.94,0.0378059071729957
2024-04-30,356.9,386.0,369.38,0.0349677780891006
2024-05-01,356.9,386.0,369.38,0.0349677780891006
2024-05-02,351.7,369.0,365.19,0.0383565538811487
2024-05-03,351.3,369.0,363.25,0.034016510105323
2024-05-06,353.8,369.0,368.12,0.0404748445449406
2024-05-07,358.7,369.0,372.78,0.0392528575411206
2024-05-08,357.7,369.0,372.4,0.0410958904109588
2024-05-09,357.7,369.0,372.4,0.0410958904109588
2024-05-10,364.6,369.0,376.46,0.0325287986834886
2024-05-13,363.6,369.0,376.24,0.0347634763476347
2024-05-14,366.2,369.0,379.28,0.0357181867831785
2024-05-15,366.2,369.0,379.46,0.036209721463681
2024-05-16,362.5,369.0,375.83,0.0367724137931034
2024-05-17,363.0,369.0,377.11,0.038870523415978
2024-05-20,371.8,369.0,383.05,0.0302582033351264
2024-05-21,371.7,369.0,382.16,0.0281409739036858
2024-05-22,371.4,369.0,380.35,0.0240980075390415
2024-05-23,370.3,369.0,380.85,0.0284904131785039
2024-05-24,370.4,369.0,379.32,0.0240820734341253
2024-05-27,367.2,369.0,379.67,0.0339596949891068
2024-05-28,366.0,369.0,377.62,0.0317486338797814
2024-05-29,363.4,369.0,372.25,0.0243533296642818
2024-05-30,365.7,369.0,373.5,0.0213289581624282
2024-05-31,368.1,369.0,372.56,0.0121162727519695
2024-06-03,367.4,373.0,372.99,0.0152150244964617
2024-06-04,364.8,373.0,368.83,0.0110471491228069
2024-06-05,367.8,373.0,373.09,0.0143828167482326
2024-06-06,367.8,373.0,373.09,0.0143828167482326
2024-06-07,366.2,373.0,370.28,0.0111414527580556
2024-06-10,361.6,373.0,365.57,0.0109789823008848
2024-06-11,360.8,373.0,363.94,0.0087028824833702
2024-06-12,367.4,373.0,368.43,0.0028034839412085
2024-06-13,359.9,373.0,363.37,0.0096415671019728
2024-06-14,353.7,373.0,358.73,0.014221091320328
2024-06-17,354.0,373.0,357.99,0.0112711864406779
2024-06-18,356.5,373.0,358.95,0.0068723702664796
2024-06-19,354.2,373.0,359.22,0.0141727837380012
2024-06-20,358.6,373.0,362.73,0.0115170105967651
2024-06-21,358.6,373.0,362.73,0.0115170105967651
2024-06-24,360.3,373.0,364.98,0.0129891756869275
2024-06-25,356.6,373.0,359.72,0.0087492989343802
2024-06-26,356.1,373.0,359.65,0.0099691098006176
2024-06-27,355.6,373.0,358.68,0.0086614173228346
2024-06-28,357.6,373.0,361.45,0.0107662192393735
2024-07-01,360.4,373.0,365.09,0.0130133185349611
2024-07-02,356.1,373.0,359.47,0.0094636338107273
2024-07-03,355.4,373.0,361.26,0.01648846370287
2024-07-04,355.7,373.0,363.03,0.0206072533033454
2024-07-05,352.1,373.0,361.03,0.0253621130360691
2024-07-08,344.4,361.0,361.75,0.0503774680603949
2024-07-09,344.1,361.0,357.53,0.0390293519325775
2024-07-10,342.9,361.0,360.35,0.0508894721493148
2024-07-11,344.2,361.0,363.99,0.0574956420685648
2024-07-12,350.3,361.0,371.66,0.0609763060234085
2024-07-15,346.9,361.0,367.64,0.059786682040934
2024-07-16,349.4,361.0,369.06,0.0562678878076703
2024-07-17,351.2,361.0,370.55,0.0550968109339408
2024-07-18,353.7,361.0,379.63,0.0733107152954481
2024-07-19,354.6,361.0,376.82,0.062662154540327
2024-07-22,361.7,361.0,382.41,0.0572573956317391
2024-07-23,361.2,361.0,378.21,0.0470930232558139
2024-07-24,357.4,361.0,373.67,0.045523223279239
2024-07-25,357.7,361.0,373.82,0.0450656975118814
2024-07-26,360.0,361.0,374.49,0.04025
2024-07-29,358.9,361.0,374.59,0.0437169127890777
2024-07-30,361.3,361.0,375.52,0.0393578743426514
2024-07-31,362.9,361.0,375.76,0.0354367594378617
2024-08-01,355.8,376.0,366.25,0.0293704328274311
2024-08-02,342.1,376.0,358.46,0.0478222741888335
2024-08-05,334.8,376.0,349.63,0.044295101553166
2024-08-06,333.7,376.0,347.68,0.0418939166916392
2024-08-07,342.9,376.0,352.95,0.0293088363954506
2024-08-08,345.0,376.0,354.19,0.0266376811594202
2024-08-09,346.0,376.0,353.87,0.0227456647398844
2024-08-12,345.5,376.0,353.49,0.0231259044862518
2024-08-13,346.7,376.0,354.16,0.0215171618113644
2024-08-14,350.5,376.0,356.42,0.0168901569186876
2024-08-15,355.3,376.0,360.74,0.0153110047846889
2024-08-16,355.0,376.0,361.38,0.0179718309859154
2024-08-19,356.8,376.0,364.01,0.0202073991031389
2024-08-20,355.4,376.0,362.11,0.0188801350590884
2024-08-21,356.6,376.0,361.42,0.0135165451486258
2024-08-22,359.2,376.0,364.11,0.0136692650334076
2024-08-23,362.4,376.0,366.85,0.0122792494481237
2024-08-26,363.2,376.0,367.87,0.0128579295154185
2024-08-27,362.0,376.0,366.59,0.0126795580110496
2024-08-28,362.1,376.0,367.44,0.0147473073736536
2024-08-29,366.7,376.0,371.78,0.0138532860649031
2024-08-30,368.4,376.0,374.7,0.0171009771986971
2024-09-02,367.3,375.0,372.13,0.0131500136128504
2024-09-03,359.9,375.0,368.44,0.023728813559322
2024-09-04,355.0,375.0,361.99,0.0196901408450704
2024-09-05,352.4,375.0,360.18,0.0220771850170261
2024-09-06,350.0,375.0,356.73,0.0192285714285714
2024-09-09,352.1,375.0,359.05,0.0197387105935813
2024-09-10,351.9,375.0,355.81,0.0111111111111111
2024-09-11,349.8,375.0,356.72,0.0197827329902802
2024-09-12,353.8,375.0,358.84,0.0142453363482192
2024-09-13,354.6,375.0,360.58,0.0168640721940213
2024-09-16,356.0,375.0,361.7,0.0160112359550561
2024-09-17,360.7,375.0,366.41,0.0158303299140561
2024-09-18,360.3,375.0,365.93,0.0156258673327782
2024-09-19,367.6,375.0,372.44,0.0131664853101196
2024-09-20,365.3,375.0,368.78,0.0095264166438542
2024-09-23,365.4,375.0,368.61,0.0087848932676519
2024-09-24,366.7,375.0,372.54,0.0159258249250069
2024-09-25,369.6,375.0,373.94,0.0117424242424241
2024-09-26,375.4,375.0,379.39,0.0106286627597229
2024-09-27,374.6,375.0,379.75,0.0137479978643886
2024-09-30,373.3,375.0,376.86,0.0095365657648004
2024-10-01,369.6,375.0,373.72,0.0111471861471861
2024-10-02,369.1,375.0,374.18,0.0137632078027634
2024-10-03,366.6,375.0,371.46,0.0132569558101471
2024-10-04,370.4,375.0,376.87,0.0174676025917927
2024-10-07,367.9,375.0,376.64,0.0237564555585757
2024-10-08,364.7,375.0,372.96,0.0226487523992322
2024-10-09,366.4,375.0,374.51,0.0221342794759825
2024-10-10,363.8,375.0,371.29,0.0205882352941176
2024-10-11,366.1,375.0,372.39,0.017181098060639
2024-10-14,365.5,375.0,372.56,0.0193160054719562
2024-10-15,363.3,375.0,370.8,0.0206440957886044
2024-10-16,362.2,375.0,370.96,0.0241855328547763
2024-10-17,361.9,377.0,369.74,0.0216634429400387
2024-10-18,366.1,377.0,375.2,0.0248565965583173
2024-10-21,362.0,377.0,371.87,0.0272651933701657
2024-10-22,362.5,377.0,370.63,0.0224275862068965
2024-10-23,366.9,377.0,374.3,0.0201689833742165
2024-10-24,364.1,377.0,370.98,0.0188959077176599
2024-10-25,368.7,377.0,378.72,0.0271765663140765
2024-10-28,373.4,377.0,383.23,0.0263256561328335
2024-10-29,373.5,377.0,381.03,0.020160642570281
2024-10-30,367.4,377.0,377.59,0.0277354382144801
2024-10-31,366.0,377.0,374.45,0.023087431693989
2024-11-01,366.8,374.0,375.89,0.024781897491821
2024-11-04,367.2,374.0,375.95,0.0238289760348583
2024-11-05,367.6,374.0,378.66,0.0300870511425462
2024-11-06,364.1,374.0,375.52,0.0313650096127436
2024-11-07,373.5,374.0,385.61,0.0324230254350736
2024-11-08,370.0,374.0,379.4,0.0254054054054053
2024-11-11,372.2,374.0,380.04,0.0210639441160667
2024-11-12,362.5,374.0,371.94,0.0260413793103448
2024-11-13,358.0,374.0,369.36,0.031731843575419
2024-11-14,360.7,374.0,371.77,0.0306903243692819
2024-11-15,356.9,374.0,370.61,0.0384141216026899
2024-11-18,358.3,374.0,371.3,0.0362824448785933
2024-11-19,355.0,374.0,367.26,0.0345352112676056
2024-11-20,353.0,374.0,365.45,0.0352691218130311
2024-11-21,354.6,374.0,368.18,0.0382966723068245
2024-11-22,357.1,374.0,370.8,0.0383646037524502
2024-11-25,361.5,374.0,370.75,0.0255878284923928
2024-11-26,356.4,374.0,367.68,0.0316498316498317
2024-11-27,356.5,374.0,369.87,0.0375035063113604
2024-11-28,357.7,374.0,372.78,0.0421582331562761
2024-11-29,357.5,374.0,372.76,0.0426853146853146
2024-12-02,363.6,373.0,378.62,0.0413091309130912
2024-12-03,366.4,373.0,383.16,0.0457423580786027
2024-12-04,370.1,373.0,387.03,0.0457443934071871
2024-12-05,369.5,373.0,389.24,0.0534235453315291
2024-12-06,371.9,373.0,388.51,0.0446625436945415
2024-12-09,371.3,373.0,390.13,0.0507137085914354
2024-12-10,368.4,373.0,386.85,0.0500814332247558
2024-12-11,365.0,373.0,384.87,0.0544383561643835
2024-12-12,362.6,373.0,381.94,0.0533370104798675
2024-12-13,362.8,373.0,380.22,0.0480154355016538
2024-12-16,356.7,373.0,376.16,0.054555649004766
2024-12-17,356.0,373.0,375.63,0.0551404494382022
2024-12-18,354.7,373.0,375.04,0.0573442345644207
2024-12-19,346.8,373.0,368.42,0.0623414071510957
2024-12-20,346.8,373.0,366.33,0.0563148788927334
2024-12-23,346.6,373.0,366.73,0.0580784766301211
2024-12-24,346.6,373.0,366.73,0.0580784766301211
2024-12-25,346.6,373.0,366.73,0.0580784766301211
2024-12-26,346.6,373.0,366.73,0.0580784766301211
2024-12-27,349.1,373.0,369.95,0.0597250071612717
2024-12-30,349.1,373.0,369.63,0.0588083643655112
2024-12-31,349.1,373.0,369.63,0.0588083643655112
2025-01-01,349.1,373.0,369.63,0.0588083643655112
2025-01-02,354.2,373.0,372.98,0.053020892151327
2025-01-03,355.7,373.0,372.09,0.0460781557492268
2025-01-06,355.7,373.0,372.09,0.0460781557492268
2025-01-07,364.5,373.0,381.08,0.0454869684499313
2025-01-08,363.8,373.0,381.18,0.0477735019241341
2025-01-09,366.1,373.0,383.68,0.0480196667577164
2025-01-10,363.4,370.0,377.88,0.0398458998348927
2025-01-13,360.5,370.0,376.17,0.0434674063800277
2025-01-14,357.0,370.0,376.95,0.0558823529411764
2025-01-15,363.7,370.0,383.53,0.0545229584822655
2025-01-16,366.2,370.0,383.91,0.0483615510649919
2025-01-17,371.9,370.0,389.81,0.0481581070180156
2025-01-20,371.7,370.0,388.95,0.0464083938660209
2025-01-21,380.0,370.0,392.59,0.0331315789473683
2025-01-22,382.1,370.0,391.51,0.0246270609788012
2025-01-23,385.1,370.0,399.89,0.0384056089327446
2025-01-24,385.5,370.0,399.54,0.036420233463035
2025-01-27,387.3,370.0,397.54,0.0264394526207074
2025-01-28,386.2,370.0,396.21,0.0259192128430864
2025-01-29,392.2,370.0,407.22,0.0382967873533912
2025-01-30,394.0,370.0,408.74,0.0374111675126903
2025-01-31,392.7,370.0,404.83,0.0308887191240132
2025-02-03,386.4,370.0,401.56,0.0392339544513458
2025-02-04,385.1,370.0,401.85,0.0434951960529732
2025-02-05,385.7,370.0,400.7,0.0388903292714545
2025-02-06,391.9,370.0,407.25,0.0391681551416178
2025-02-07,390.3,370.0,407.76,0.0447348193697155
2025-02-10,394.2,408.0,410.13,0.0404109589041096
2025-02-11,392.3,408.0,411.27,0.048355850114708
2025-02-12,396.8,408.0,414.36,0.0442540322580645
2025-02-13,401.7,408.0,420.29,0.0462783171521036
2025-02-14,403.4,408.0,424.21,0.0515865146256817
2025-02-17,408.7,408.0,427.21,0.0452899437240029
2025-02-18,409.7,408.0,429.76,0.0489626556016597
2025-02-19,400.4,408.0,421.76,0.0533466533466533
2025-02-20,400.5,408.0,424.99,0.0611485642946317
2025-02-21,401.9,408.0,425.45,0.0585966658372729
2025-02-24,400.6,408.0,425.71,0.0626809785322015
2025-02-25,402.8,408.0,429.14,0.0653922542204567
2025-02-26,408.6,408.0,435.56,0.0659813999021046
2025-02-27,404.5,408.0,432.45,0.069097651421508
2025-02-28,405.7,408.0,427.39,0.0534631501109193
2025-03-03,409.2,427.0,432.21,0.0562316715542521
2025-03-04,393.6,427.0,415.64,0.0559959349593495
2025-03-05,402.5,427.0,425.26,0.0565465838509316
2025-03-06,401.5,427.0,428.91,0.0682689912826899
2025-03-07,401.5,427.0,427.73,0.0653300124533001
2025-03-10,398.3,427.0,424.35,0.0654029625910118
2025-03-11,387.2,427.0,412.97,0.0665547520661158
2025-03-12,389.0,427.0,413.75,0.063624678663239
2025-03-13,383.2,427.0,409.91,0.0697025052192067
2025-03-14,389.8,427.0,416.84,0.0693689071318624
2025-03-17,388.6,427.0,418.16,0.0760679361811631
2025-03-18,388.7,427.0,420.05,0.0806534602521225
2025-03-19,390.7,427.0,416.95,0.0671871000767852
2025-03-20,389.3,427.0,414.77,0.0654251220138709
2025-03-21,380.9,427.0,409.07,0.0739564190076136
2025-03-24,382.7,427.0,409.1,0.0689835380193363
2025-03-25,383.1,427.0,411.03,0.0729052466718871
2025-03-26,381.9,427.0,406.0,0.0631055250065462
2025-03-27,379.2,427.0,393.75,0.0383702531645569
2025-03-28,374.2,427.0,397.39,0.0619722073757348
2025-03-31,367.4,427.0,387.61,0.0550081654872075
2025-04-01,369.2,427.0,388.49,0.0522481040086674
2025-04-02,360.2,427.0,386.29,0.0724319822320933
2025-04-03,346.3,427.0,371.57,0.072971412070459
2025-04-04,327.4,427.0,355.87,0.0869578497251069
2025-04-07,313.9,427.0,341.3,0.0872889455240523
2025-04-08,315.8,387.0,346.45,0.0970550981633944
2025-04-09,302.7,387.0,337.01,0.1133465477370333
2025-04-10,318.3,387.0,351.4,0.103989946591266
2025-04-11,311.0,387.0,344.74,0.1084887459807074
2025-04-14,318.1,387.0,353.56,0.1114743791260609
2025-04-15,322.8,387.0,362.04,0.1215613382899628
2025-04-16,320.9,387.0,360.46,0.1232782798379557
2025-04-17,318.8,387.0,357.14,0.120263488080301
2025-04-18,318.8,387.0,357.14,0.120263488080301
2025-04-21,318.8,387.0,357.14,0.120263488080301
2025-04-22,321.1,387.0,360.57,0.1229212083463094
2025-04-23,328.4,387.0,364.86,0.1110231425091353
2025-04-24,329.0,387.0,366.51,0.1140121580547112
2025-04-25,333.3,387.0,370.72,0.1122712271227123
2025-04-28,335.6,387.0,373.01,0.111471990464839
2025-04-29,332.9,387.0,371.68,0.1164914388705317
2025-04-30,338.7,387.0,378.56,0.1176852671981104
2025-05-01,338.7,387.0,378.56,0.1176852671981104
2025-05-02,344.3,379.0,382.67,0.1114435085681092
2025-05-05,345.0,379.0,381.25,0.1050724637681159
2025-05-06,341.2,379.0,376.34,0.1029894490035169
2025-05-07,343.3,379.0,377.68,0.1001456452082726
2025-05-08,345.9,379.0,380.41,0.0997687192830299
2025-05-09,347.0,379.0,381.16,0.0984438040345822
2025-05-12,358.5,379.0,394.41,0.1001673640167364
2025-05-13,359.0,379.0,394.87,0.0999164345403899
2025-05-14,358.0,379.0,393.2,0.0983240223463686
2025-05-15,361.0,379.0,395.98,0.0968975069252078
2025-05-16,359.0,379.0,394.64,0.099275766016713
2025-05-19,359.0,379.0,396.08,0.1032869080779943
2025-05-20,361.1,379.0,398.54,0.1036831902520077
2025-05-21,357.0,379.0,395.65,0.1082633053221287
2025-05-22,350.4,379.0,388.61,0.1090468036529681
2025-05-23,345.4,379.0,384.74,0.1138969310943834
2025-05-26,351.3,379.0,390.58,0.111813265015656
2025-05-27,349.6,379.0,390.04,0.1156750572082379
2025-05-28,346.8,379.0,389.52,0.1231833910034601
2025-05-29,346.8,379.0,389.52,0.1231833910034601
2025-05-30,346.3,379.0,386.79,0.1169217441524689
2025-06-02,345.4,387.0,383.33,0.1098147075854082
2025-06-03,344.1,387.0,382.61,0.1119151409473989
2025-06-04,348.5,387.0,385.6,0.1064562410329986
2025-06-05,349.3,387.0,387.06,0.1081019181219581
2025-06-06,349.3,387.0,387.06,0.1081019181219581
2025-06-09,350.8,387.0,387.35,0.1041904218928164
2025-06-10,352.5,387.0,390.17,0.1068652482269504
2025-06-11,349.8,387.0,386.89,0.1060320182961691
2025-06-12,344.1,387.0,384.95,0.1187154896832315
2025-06-13,339.6,387.0,381.47,0.1232921083627797
2025-06-16,343.0,387.0,383.21,0.1172303206997084
2025-06-17,339.8,387.0,380.2,0.1188934667451441
2025-06-18,338.5,387.0,378.73,0.1188478581979321
2025-06-19,337.0,387.0,375.91,0.115459940652819
2025-06-20,337.0,387.0,375.91,0.115459940652819
2025-06-23,335.7,387.0,374.33,0.1150729818290139
2025-06-24,341.8,387.0,379.3,0.109713282621416
2025-06-25,341.9,387.0,376.63,0.1015794091839719
2025-06-26,340.8,387.0,377.4,0.107394366197183
2025-06-27,347.5,387.0,387.08,0.1138992805755395
2025-06-30,341.7,387.0,383.56,0.1225051214515657
2025-07-01,345.6,387.0,383.54,0.1097800925925925
2025-07-02,350.8,387.0,389.91,0.1114880273660205
2025-07-03,351.4,387.0,389.85,0.1094194649971543
2025-07-04,348.4,387.0,386.37,0.10898392652124
2025-07-07,347.7,387.0,386.02,0.1102099511072763
2025-07-08,350.6,384.0,388.24,0.1073588134626354
2025-07-09,360.5,384.0,391.05,0.0847434119278779
2025-07-10,368.4,384.0,398.52,0.0817589576547231
2025-07-11,365.5,384.0,392.58,0.0740902872777017
2025-07-14,362.9,384.0,390.29,0.0754753375585562
2025-07-15,361.8,384.0,389.94,0.0777777777777777
2025-07-16,361.3,384.0,385.05,0.0657348463880431
2025-07-17,363.2,384.0,384.2,0.0578193832599119
2025-07-18,360.7,384.0,379.27,0.0514832270584973
2025-07-21,361.1,384.0,383.19,0.061174189975076
2025-07-22,359.7,384.0,383.62,0.0664998609952738
2025-07-23,368.8,384.0,395.24,0.0716919739696312
2025-07-24,370.8,384.0,395.84,0.0675296655879179
2025-07-25,373.2,384.0,398.25,0.0671221864951768
2025-07-28,371.3,384.0,394.64,0.0628602208456772
2025-07-29,370.6,384.0,395.87,0.0681867242309767
2025-07-30,368.3,384.0,394.72,0.0717349986424111
2025-07-31,362.6,384.0,390.7,0.0774958632101488
2025-08-01,357.5,391.0,383.08,0.0715524475524475
2025-08-04,357.2,391.0,384.02,0.07508398656215
2025-08-05,360.3,391.0,386.26,0.0720510685539827
2025-08-06,359.6,391.0,388.42,0.0801446051167964
2025-08-07,365.8,391.0,395.69,0.0817113176599234
2025-08-08,368.4,391.0,398.81,0.0825461454940283
2025-08-11,366.2,391.0,395.58,0.0802293828509011
2025-08-12,367.5,391.0,398.67,0.0848163265306122
2025-08-13,368.3,391.0,399.39,0.0844148791745858
2025-08-14,370.5,391.0,401.18,0.0828070175438596
2025-08-15,374.8,391.0,402.79,0.0746798292422625
2025-08-18,370.3,391.0,398.14,0.0751822846340804
2025-08-19,378.2,391.0,405.93,0.073320994182972
2025-08-20,376.6,391.0,406.46,0.079288369622942
2025-08-21,374.1,391.0,404.34,0.0808340016038491
2025-08-22,379.8,391.0,411.59,0.0837019483938914
2025-08-25,378.7,391.0,409.38,0.0810139952468973
2025-08-26,376.0,391.0,406.44,0.0809574468085106
2025-08-27,376.4,391.0,403.0,0.0706695005313497
2025-08-28,377.4,391.0,402.95,0.0677000529941706
2025-08-29,376.4,391.0,400.87,0.0650106269925611
2025-09-01,378.2,401.0,399.53,0.0563987308302485
2025-09-02,367.1,401.0,391.75,0.0671479160991554
2025-09-03,368.5,401.0,392.55,0.0652645861601085
2025-09-04,368.5,401.0,393.84,0.06876526458616
2025-09-05,371.1,401.0,394.23,0.0623282134195634
2025-09-08,370.5,401.0,396.23,0.06944669365722
2025-09-09,371.9,401.0,395.82,0.0643183651519226
2025-09-10,371.6,401.0,395.67,0.0647739504843918
2025-09-11,371.4,401.0,396.54,0.0676898222940227
2025-09-12,370.7,401.0,395.65,0.0673050984623684
2025-09-15,366.7,401.0,397.31,0.0834742296154895
2025-09-16,365.6,401.0,396.01,0.0831783369803062
2025-09-17,365.4,401.0,397.14,0.086863711001642
2025-09-18,368.1,401.0,398.35,0.0821787557728878
2025-09-19,368.4,401.0,399.0,0.0830618892508144
2025-09-22,368.7,401.0,397.06,0.0769189042582045
2025-09-23,375.0,401.0,403.22,0.0752533333333334
2025-09-24,371.0,401.0,398.8,0.0749326145552561
2025-09-25,365.7,401.0,394.81,0.0796007656549084
2025-09-26,372.5,401.0,402.73,0.0811543624161074
2025-09-29,372.7,401.0,399.99,0.0732224309095788
2025-09-30,372.9,401.0,400.88,0.0750335210512202
2025-10-01,373.0,401.0,401.7,0.0769436997319034
2025-10-02,378.3,401.0,405.06,0.0707375099127676
2025-10-03,382.3,401.0,408.09,0.0674601098613653
2025-10-06,384.1,401.0,407.68,0.0613902629523561
2025-10-07,380.0,401.0,404.57,0.064657894736842
2025-10-08,382.3,401.0,406.95,0.0644781585142557
2025-10-09,383.1,401.0,406.07,0.0599582354476637
2025-10-10,380.5,401.0,404.78,0.0638107752956635
2025-10-13,380.0,401.0,404.62,0.0647894736842105
2025-10-14,381.7,401.0,407.81,0.0684045061566675
2025-10-15,386.4,401.0,410.14,0.0614389233954451
2025-10-16,388.7,401.0,412.86,0.0621559042963725
2025-10-17,385.0,401.0,402.26,0.0448311688311688
2025-10-20,391.0,401.0,410.56,0.0500255754475703
2025-10-21,392.5,401.0,413.66,0.0539108280254777
2025-10-22,392.2,401.0,412.8,0.0525242223355431
2025-10-23,396.0,401.0,414.86,0.0476262626262626
2025-10-24,398.4,401.0,418.3,0.0499497991967872
2025-10-27,398.8,401.0,418.07,0.0483199598796388
2025-10-28,397.4,401.0,418.56,0.0532460996477101
2025-10-29,397.1,401.0,419.81,0.0571896247796524
2025-10-30,398.8,401.0,420.13,0.0534854563691072
2025-10-31,395.2,401.0,419.35,0.0611082995951417
2025-11-03,396.3,419.0,416.23,0.0502901842038859
2025-11-04,394.0,419.0,414.04,0.0508629441624366
2025-11-05,397.3,419.0,419.22,0.0551724137931034
2025-11-06,396.1,419.0,417.99,0.0552638222671042
2025-11-07,394.6,419.0,416.11,0.0545108971109984
2025-11-10,399.7,419.0,419.79,0.0502626970227671
2025-11-11,406.6,419.0,424.48,0.0439744220363993
2025-11-12,407.7,419.0,426.46,0.0460142261466764
2025-11-13,404.2,419.0,423.76,0.0483918852053439
2025-11-14,401.5,419.0,420.14,0.0464259028642589
2025-11-17,398.1,419.0,417.2,0.0479778950012558
2025-11-18,386.4,419.0,408.28,0.0566252587991718
2025-11-19,390.9,419.0,412.26,0.0546431312356101
2025-11-20,391.0,419.0,412.09,0.0539386189258311
2025-11-21,390.0,419.0,414.06,0.0616923076923077
2025-11-24,395.0,419.0,419.45,0.0618987341772151
2025-11-25,400.0,419.0,426.06,0.06515
2025-11-26,402.0,419.0,428.77,0.0665920398009949
2025-11-27,400.7,419.0,428.76,0.0700274519590716
2025-11-28,396.7,419.0,427.63,0.0779682379631964
2025-12-01,393.6,428.0,429.0,0.0899390243902438
2025-12-02,393.1,428.0,429.19,0.0918087000763163
2025-12-03,392.0,428.0,428.28,0.0925510204081632
2025-12-04,395.5,428.0,433.42,0.0958786346396966
2025-12-05,400.8,428.0,437.03,0.0903942115768462
2025-12-08,399.4,428.0,436.99,0.0941161742613921
2025-12-09,398.6,428.0,433.7,0.0880582037129954
2025-12-10,398.7,428.0,432.53,0.0848507649862051
2025-12-11,402.9,428.0,437.35,0.0855050881111939
2025-12-12,403.5,428.0,435.62,0.0796034696406443
2025-12-15,405.0,428.0,436.26,0.0771851851851851
2025-12-16,403.1,428.0,434.12,0.0769536095261721
2025-12-17,402.0,428.0,431.17,0.0725621890547264
2025-12-18,407.2,428.0,438.93,0.0779223968565815
2025-12-19,408.2,428.0,438.39,0.0739588437040666
2025-12-22,409.6,428.0,438.54,0.070654296875
2025-12-23,411.4,428.0,438.06,0.0648031113271755
2025-12-24,411.4,428.0,438.06,0.0648031113271755
2025-12-25,411.4,428.0,438.06,0.0648031113271755
2025-12-26,411.4,428.0,438.06,0.0648031113271755
2025-12-29,412.2,428.0,440.34,0.0682678311499271
2025-12-30,415.0,428.0,443.44,0.0685301204819277
2025-12-31,415.0,428.0,443.44,0.0685301204819277
2026-01-01,415.0,428.0,443.44,0.0685301204819277
2026-01-02,411.2,428.0,444.88,0.0819066147859922
2026-01-05,412.4,428.0,446.65,0.0830504364694471
2026-01-06,412.4,428.0,446.65,0.0830504364694471
2026-01-07,428.9,428.0,454.49,0.059664257402658
2026-01-08,422.9,428.0,452.34,0.0696145660912745
2026-01-09,429.8,428.0,456.79,0.0627966496044672
2026-01-12,426.3,428.0,457.66,0.0735632183908046
2026-01-13,429.8,428.0,460.75,0.0720102373196835
2026-01-14,431.8,428.0,463.03,0.0723251505326539
2026-01-15,440.5,444.0,470.13,0.0672644721906923
2026-01-16,441.8,444.0,468.3,0.0599818922589407
2026-01-19,426.0,444.0,460.36,0.0806572769953052
2026-01-20,424.5,444.0,458.78,0.0807538280329799
2026-01-21,428.9,444.0,464.95,0.0840522266262532
2026-01-22,432.8,444.0,466.75,0.0784426987060997
2026-01-23,432.8,444.0,469.16,0.0840110905730129
2026-01-26,433.9,444.0,472.68,0.0893754321272183
2026-01-27,439.7,444.0,475.47,0.0813509210825563
2026-01-28,439.8,444.0,478.97,0.0890632105502501
2026-01-29,444.7,444.0,481.63,0.0830447492691702
2026-01-30,445.8,444.0,480.9,0.0787348586810228
2026-02-02,450.0,444.0,486.27,0.0805999999999999
2026-02-03,462.7,444.0,498.02,0.0763345580289604
2026-02-04,471.5,444.0,508.41,0.0782820784729586
2026-02-05,473.2,444.0,502.85,0.0626584953508031
2026-02-06,484.1,503.0,506.05,0.0453418715141499
2026-02-09,490.8,503.0,507.05,0.0331092094539527
2026-02-10,488.8,503.0,509.14,0.0416121112929623
2026-02-11,489.5,503.0,514.69,0.0514606741573034
2026-02-12,485.2,503.0,511.88,0.0549876339653751
2026-02-13,479.9,503.0,507.16,0.0568035007293187
2026-02-16,477.6,503.0,506.69,0.0609087102177553
2026-02-17,477.7,503.0,505.49,0.0581745865606029
2026-02-18,480.9,503.0,510.59,0.0617384071532543
2026-02-19,484.2,503.0,509.54,0.052333746385791
2026-02-20,488.3,503.0,515.04,0.0547614171615808
2026-02-23,489.8,503.0,516.09,0.0536749693752552
2026-02-24,495.8,503.0,521.23,0.0512908430818878
2026-02-25,498.6,503.0,523.76,0.0504612916165262
2026-02-26,506.0,503.0,524.5,0.0365612648221343
2026-02-27,511.8,503.0,526.1,0.0279406017975772
2026-03-02,498.6,526.0,514.86,0.0326113116726834
2026-03-03,488.1,526.0,499.82,0.0240114730587993
2026-03-04,495.1,526.0,505.39,0.0207836800646333
2026-03-05,487.4,526.0,498.67,0.0231226918342224
2026-03-06,482.0,526.0,490.99,0.0186514522821576
2026-03-09,475.3,526.0,481.59,0.0132337471070901
2026-03-10,492.0,526.0,499.77,0.0157926829268292
2026-03-11,486.7,526.0,496.77,0.0206903636737209
2026-03-12,489.5,526.0,497.34,0.0160163432073543
2026-03-13,478.5,526.0,482.51,0.0083803552769069
2026-03-16,479.3,526.0,482.61,0.0069059044439808
2026-03-17,475.3,526.0,481.34,0.0127077635177781
2026-03-18,472.0,526.0,479.44,0.0157627118644067
2026-03-19,455.2,526.0,457.01,0.0039762741652021
2026-03-20,446.6,526.0,449.54,0.0065830721003134
2026-03-23,446.5,526.0,457.32,0.0242329227323628
2026-03-24,451.4,526.0,459.6,0.0181657066902969
2026-03-25,458.7,526.0,468.98,0.0224111619795073
2026-03-26,455.7,526.0,463.46,0.017028746982664
2026-03-27,452.0,526.0,461.89,0.0218805309734512
2026-03-30,452.2,526.0,464.67,0.0275762936753649
2026-03-31,463.0,526.0,472.74,0.021036717062635
2026-04-01,471.9,526.0,486.67,0.0312990040262768
2026-04-02,464.4,526.0,481.54,0.0369078380706288
2026-04-03,464.4,526.0,481.54,0.0369078380706288
2026-04-06,464.4,526.0,481.54,0.0369078380706288
2026-04-07,466.6,526.0,482.41,0.033883411915988
2026-04-08,487.1,526.0,507.77,0.0424348183124614
2026-04-09,486.4,526.0,508.73,0.0459087171052632
2026-04-10,499.3,472.0,515.38,0.0322050871219707
2026-04-13,491.1,472.0,510.14,0.0387701079209936
2026-04-14,490.4,472.0,505.7,0.0311990212071778
2026-04-15,492.7,472.0,501.32,0.0174954333265679
2026-04-16,491.8,472.0,501.15,0.019011793411956
2026-04-17,502.6,472.0,511.36,0.0174293672900915
2026-04-20,496.3,472.0,506.68,0.0209147692927664
2026-04-21,492.4,472.0,501.53,0.0185418359057676
2026-04-22,492.9,472.0,499.31,0.0130046662609049
2026-04-23,488.0,472.0,501.71,0.0280942622950819
2026-04-24,480.6,472.0,499.81,0.0399708697461506
2026-04-27,480.0,472.0,494.94,0.0311249999999999
2026-06-23,187.8,206.0,195.8414253813583,0.0428190914875308
2026-06-24,192.55,206.0,198.5176777036332,0.0309928730388635
2026-06-25,192.25,206.0,198.7289623337856,0.0337007143499901
2026-06-26,191.05,206.0,198.08857238422303,0.0368415199383566
2026-06-29,191.9,206.0,198.0761999767816,0.0321844709576945
2026-06-30,192.5,206.0,198.84258254653847,0.0329484807612387
2026-07-01,193.25,206.0,199.81019371341924,0.033946668633476
2026-07-02,196.35,206.0,200.36836677221268,0.0204653260616892
2026-07-03,197.55,206.0,201.8063171112928,0.0215455181538484
2026-07-06,194.95,206.0,200.71910826878903,0.0295927584959684
2026-07-07,193.9,206.0,199.62064441884831,0.0295030655948855
2026-07-08,187.1,206.0,196.94895813297964,0.0526400755370371
2026-07-09,189.05,206.0,197.84773347589345,0.0465365431150142
2026-07-10,190.9,206.0,198.26188497794,0.0385640910316394
2026-07-13,191.45,206.0,197.4260292180097,0.0312145689109933
2026-07-14,192.55,206.0,197.07464726362053,0.0234985575882655
2026-07-15,193.65,206.0,198.83639802944396,0.026782329096018333
